"sys_utterance","",150.0,157.335,7.335," これから「アニメ・漫画」について話しましょう！"
"sys_utterance","",157.335,167.158,9.823," 最近アニメや漫画をよく見ますか？"
"sys_utterance","",167.158,182.485,15.327," どちらかといえば、アニメか漫画のどちらを見るんですか？"
"sys_utterance","",182.485,194.133,11.648," 漫画ですか。おすすめの漫画ってありますか？"
"sys_utterance","",194.133,228.195,34.062," それは一体どういった内容なんですか？"
"sys_utterance","",228.195,265.064,36.869," どういったところが好きなんですか？"
"sys_utterance","",265.064,273.448,8.384," 私も興味が出てきました。私も今度読んでみたいと思います！"
"sys_utterance","",273.448,291.43,17.982," 2018年には野球漫画の「メジャーセカンド」がアニメ化されるようですよ，ご存知ですか？"
"sys_utterance","",291.43,300.814,9.384," 2018年の4月頃から、NHKで放送されるようです！"
"sys_utterance","",300.814,316.845,16.031," 「メジャーセカンド」は前作で主人公だった茂野吾郎の息子の茂野だいごが主人公のようです．"
"sys_utterance","",316.845,335.868,19.023," アニメ化することはご存知でしたか？"
"sys_utterance","",335.868,351.827,15.959," 「メジャー」のアニメを見ようと思いますか？"
"sys_utterance","",351.827,359.93,8.103," そうですか，では別の作品を調べておきますね？"
"sys_utterance","",359.93,366.538,6.608," これから「芸術作品」について話しましょう"
"sys_utterance","",366.538,375.369,8.831," 最近芸術作品に触れる機会はありましたか？"
"sys_utterance","",375.369,399.024,23.655," 好きな作品などはありますか？"
"sys_utterance","",399.024,424.486,25.462," 美術館などには行かれることはありますか？"
"sys_utterance","",424.486,454.796,30.31," その時に印象に残ったものはありましたか？"
"sys_utterance","",454.796,463.139,8.343," そうですか，また一度行ってみても面白いかもしれませんね！"
"sys_utterance","",463.139,479.458,16.319," 最近では，レオナルド・ダビンチの作品「サルバトール・ムンディ」が約510億円で落札されたことが話題になっているようです．ご存じですか？"
"sys_utterance","",479.458,490.394,10.936," 「サルバトール・ムンディ」は、イエスキリスト、を描いた作品で，１５００年頃の作品です．"
"sys_utterance","",490.394,504.481,14.087," 510億円での落札というのは、美術品の競売額としては史上最高額だそうです，すごいですね！"
"sys_utterance","",504.481,512.432,7.951," すみません、知らないです。"
"sys_utterance","",512.432,523.431,10.999," ちなみに２位は336億円だそうなので，圧倒的な評価を受けたことがわかりますね．"
"sys_utterance","",523.431,538.551,15.12," ダビンチの作品を見たことはありますか？"
"sys_utterance","",538.551,551.542,12.991," すみません、知らないです。"
"sys_utterance","",551.542,563.06,11.518," ダビンチの作品は好きですか？"
"sys_utterance","",563.06,575.228,12.168," そうなんですか，有名なかたの作品なので，一度は見てみたいものですね！"
"sys_utterance","",575.228,581.212,5.984," これから「音楽」について話しましょう！"
"sys_utterance","",581.212,592.459,11.247," 最近音楽は聞きましたか？"
"sys_utterance","",592.459,605.73,13.271," 聞くとしたら、邦楽，洋楽，クラシック，それ以外のどれですか？"
"sys_utterance","",605.73,627.985,22.255," 邦楽が好きなんですか。おすすめの歌手やきょくってありますか？"
"sys_utterance","",627.985,661.591,33.606," その歌手のどういうところが好きなんですか？"
"sys_utterance","",661.591,679.957,18.366," おすすめの曲はありますか？"
"sys_utterance","",679.957,741.545,61.588," その曲のどういうところが好きなんですか？"
"sys_utterance","",741.545,752.609,11.064," そうなんですね。新しい知識が増えました。私も一度聞いてみたいと思います！"
"sys_utterance","",752.609,768.824,16.215," 最近では，「チャットモンチー」の解散報道が話題になっているようです．ご存知でしたか？"
"sys_utterance","",768.824,784.543,15.719," デビュー記念日である１１月２３日にオフィシャルサイトで発表したそうです．"
"sys_utterance","",784.543,808.517,23.974," 「チャットモンチー」で好きな曲はありますか？"
"sys_utterance","",808.517,830.028,21.511," その曲は何故好きなんですか？"
"sys_utterance","",830.028,850.546,20.518," 解散というのは悲しいものですが，2018年の7月まで活動するそうなので，応援したいものですね！"
"sys_utterance","",850.546,856.946,6.4," これから「スポーツ」について話しましょう！"
"sys_utterance","",856.946,874.081,17.135," 最近スポーツはしましたか？"
"sys_utterance","",874.081,908.551,34.47," スポーツはよくするんですか？"
"sys_utterance","",908.551,941.045,32.494," 好きなスポーツはなんですか？"
"sys_utterance","",941.045,967.179,26.134," 見るのが好きなんですね．最近はどこで見たんですか？"
"sys_utterance","",967.179,1041.614,74.435," そのスポーツはどういったところが面白いんですか？"
"sys_utterance","",1041.614,1050.27,8.656," なるほど、面白そうですね，機会があればわたしも見てみたいです！"
"sys_utterance","",1050.27,1059.845,9.575," 2020年には、オリンピックが日本で開催されるようですね。ご存じですか？"
"sys_utterance","",1059.845,1079.604,19.759," 1964年以来56年ぶりの日本でのオリンピック開催で，たくさんの競技が行われるので行ってみたいものですね！"
"sys_utterance","",1079.604,1096.915,17.311," オリンピックは今までに見たことはありますか？"
"sys_utterance","",1096.915,1120.217,23.302," 日本で開催されるオリンピックを、見に行く予定はありますか？"
"sys_utterance","",1120.217,1129.417,9.2," そうなんですか。それは羨ましいです！"
"sys_utterance","",1129.417,1135.48,6.063," これから「本」について話しましょう"
"sys_utterance","",1135.48,1154.783,19.303," 最近本は読みますか？"
"sys_utterance","",1154.783,1179.293,24.51," 本はよく読む方ですか？"
"sys_utterance","",1179.293,1230.73,51.437," よく読むんですか。いいですね。おすすめの作者や本はありますか？"
"sys_utterance","",1230.73,1298.398,67.668," その作者のどういったところが好きなんですか？"
"sys_utterance","",1298.398,1321.18,22.782," その作者のおすすめの本はありますか？"
"sys_utterance","",1321.18,1374.297,53.117," その本のどういったところが好きなんですか？"
"sys_utterance","",1374.297,1475.042,100.745," 一番好きな場面などはありますか？"
"sys_utterance","",1475.042,1484.754,9.712," なるほど、それは面白そうですね。私も一度読んでみたいです。"
"sys_utterance","",1484.754,1497.025,12.271," 紀伊國屋書店の，2017年におすすめする本ベスト30「キノベス」が発表されたようですよ？"
"sys_utterance","",1497.025,1504.216,7.191," 第三位は、恩田陸さんの、「蜜蜂と遠雷」，"
"sys_utterance","",1504.216,1513.256,9.04," 第2位は，トーン・テレヘンさんの「ハリネズミの願い」のようです．"
"sys_utterance","",1513.256,1523.335,10.079," 第1位は、エラフランシスサンダースさんの「翻訳できない世界のことば」のようです．"
"sys_utterance","",1523.335,1548.19,24.855," これらの作品はご存知ですか？"
"sys_utterance","",1548.19,1556.717,8.527," そうなんですね，一度読んでみても面白いかもしれませんね？"
"sys_utterance","",1556.717,1574.844,18.127," 今後読もうと思いますか？"
"sys_utterance","",1574.844,1582.779,7.935," いいですね，私も読んでみたいです！"
"sys_utterance","",1582.779,1589.243,6.464," これから「銃」について話しましょう"
"sys_utterance","",1589.243,1596.339,7.096," 銃を見たことはありますか？"
"sys_utterance","",1596.339,1615.121,18.782," 銃か，射撃や射的ならどちらが好きなのですか？"
"sys_utterance","",1615.121,1640.768,25.647," 射撃や射的のどういったところが好きなのですか？"
"sys_utterance","",1640.768,1651.127,10.359," そうなんですか。それはおもしろそうですね。私も一度やってみたいです。"
"sys_utterance","",1651.127,1697.98,46.853," またの機会があればやってみたいですか？"
"sys_utterance","",1697.98,1705.94,7.96," なるほど、私も機会があれば一度やってみたいです。"
"sys_utterance","",1705.94,1722.89,16.95," とあるモデルガンのランキングによると、ライフル・SMG部門で一番人気のあるものは、東京マルイのHK417、アーリーマリアントだそうです。ご存知でしたか？"
"sys_utterance","",1722.89,1737.634,14.744," HK417は、イギリス、オーストラリア、フランスなどの、数カ国の軍隊や法執行部隊で使用されているようですね？"
"sys_utterance","",1737.634,1748.577,10.943," ダイアルはバレル同軸式のドラムタイプで、操作性も良いそうです！いいですね"
"sys_utterance","",1748.577,1757.344,8.767," ご存知でしたか？"
"sys_utterance","",1757.344,1764.384,7.04," 見たことはありますか？"
"sys_utterance","",1764.384,1779.535,15.151," バレル同軸式というのはとてもかっこいいですね，一度見てみたいですね！"
"user_utterance","",150.0,157.335,7.335,"(F はい)"
"user_utterance","",157.335,167.158,9.823,"そうですね|マンガ|はよく読みます"
"user_utterance","",167.158,182.485,15.327,"マンガのほうが|アニメはあんまり見なくて|マンガを|よく読んでいますし集めたり買ったりしてます"
"user_utterance","",182.485,194.133,11.648,"ワンピース|が一番お勧め|です"
"user_utterance","",194.133,228.195,34.062,"(F んー)|(D か)冒険で|(F あのー)登場人物の|一人ひとり|のメインの|なんかストーリーが|あって|回(D ち)ストーリーの回があってすごい長いお話だけど|なんか感動したりなんか友情も友情があったり|仲間|的なお話があったりで|もうずっと好きで集めてるマンガです"
"user_utterance","",228.195,265.064,36.869,"(? うんー)|なんか深い|深いというか|(F とー)|(F あのー)|(? あの)読んでて普通のマンガよりも|内容が深いというかいろいろこう|考えられて|話が作られてるところが|すごい|(F こう)よく感動して泣いてしまうことがあって何回読んでも(F こう)|いいなと思うところが|好きなところです"
"user_utterance","",265.064,273.448,8.384,"(? そう)です"
"user_utterance","",273.448,291.43,17.982,"(F だ)|いや|全然知らなかったですね|野球マンガはあんまり読まない|読まないかな"
"user_utterance","",291.43,300.814,9.384,"(F え)どんな"
"user_utterance","",300.814,316.845,16.031,"(F あー)|(F あ)知ってました|ごめんなさい|アニメ|ちょっと見てました"
"user_utterance","",316.845,335.868,19.023,"アニメ化することはしらなかったんですけどマンガ自体は|知ってました|し|なんか|シリーズの最初のほうは|ちょっと読んでました"
"user_utterance","",335.868,351.827,15.959,"(F うーん)|いや|たぶん見ない|かな|たぶん見ない|ですね"
"user_utterance","",351.827,359.93,8.103,"ありがとうございます"
"user_utterance","",359.93,366.538,6.608,"(F はい)"
"user_utterance","",366.538,375.369,8.831,"全くない|です"
"user_utterance","",375.369,399.024,23.655,"いや|ただ中学|中学ぐらいか中学ぐらいの美術の時間に|ちょっと見て|印象残ってるのは特にない|かな|(? という)感じです"
"user_utterance","",399.024,424.486,25.462,"自分から行くことはなくて|(D だい)|(F えーと)高校のときに|学年で|強制的にというか学年でこう校外学習があって|行ったことは|あります|一回だけ(? ていせい)で一回しか行ったことない|です"
"user_utterance","",424.486,454.796,30.31,"(F あー)(F あの)|名前忘れたけど|イエス(D キリス)(F あの)(F と)キリストの|なんか最後の晩餐|の場面|は|すごい(D かん)なんかこう(D お)(F え)まず絵がおっきくて|すごいなんか(F と)すごいなと思って(? 印象に残りました)"
"user_utterance","",454.796,463.139,8.343,"(F ま)|そうですね"
"user_utterance","",463.139,479.458,16.319,"知らなかったです"
"user_utterance","",479.458,490.394,10.936,""
"user_utterance","",490.394,504.481,14.087,"(F あ)|(? すごい)(D だ)|誰が|落札したんですか"
"user_utterance","",504.481,512.432,7.951,"(F はい)"
"user_utterance","",512.432,523.431,10.999,"(? 確かに)|(? すごい)"
"user_utterance","",523.431,538.551,15.12,"ダビンチ|どんな作品が|ありますか"
"user_utterance","",538.551,551.542,12.991,"(F えー)いや|見たことたぶん|ない|ない|ないのかな|ない|あまり覚えてない|です"
"user_utterance","",551.542,563.06,11.518,"いや|あんま覚えてないから|わからない|わからないです"
"user_utterance","",563.06,575.228,12.168,"そうですね|うん"
"user_utterance","",575.228,581.212,5.984,"(F はい)"
"user_utterance","",581.212,592.459,11.247,"毎日|聞きます|ね|はい|登下校のときとか|に"
"user_utterance","",592.459,605.73,13.271,"邦楽|が多いかな|と思います"
"user_utterance","",605.73,627.985,22.255,"(F んー)|今だったら|(F ま)よく聞くのはバックナンバーといきものがかり|かな|お勧めは|(D い)バック(D ナンバ)お勧めはバックナンバーといきものがかりです"
"user_utterance","",627.985,661.591,33.606,"(F うーん)|バックナンバー|は|歌詞が|すごいよくて|こう|胸に響くというか|そういう感じの|曲を作らはるから好きで|いきものがかりは|(F んー)|(F な)曲調というかメロディが結構好きな曲が多いから|好き|なんだと思います"
"user_utterance","",661.591,679.957,18.366,"バックナンバーだったらクリスマスソング|で|いきものがかりだったら|何かな|笑顔|ていう曲が|お勧めです"
"user_utterance","",679.957,741.545,61.588,"(F んー)|クリスマスソングは|ドラマの主題歌やってでそのドラマを見てて|でその(? ドラマ)のことドラマがめちゃくちゃ|(F このー)おもしろくて好きやったのと|(F ま)というのもあってこう聞いてるとこうなんだろ|(F ま)ドラマのことを思い出したり|(F ま)曲自体も|歌詞が|なんだろ|(? この)歌詞が一番好きなバックナンバーの曲の歌詞の中では(? 本当)歌詞は全部好きだけど特に|クリスマスソングの歌詞のが一番好きだから|たぶん|好きなんだと思うし|笑顔は|笑顔も歌詞がいいのかな|歌詞|歌詞かな|歌詞が|(?)です"
"user_utterance","",741.545,752.609,11.064,""
"user_utterance","",752.609,768.824,16.215,"(F ふーん)|いや|知らなかったです|チャットモンチーは知ってるけど|解散するっていうのは知らなかったです"
"user_utterance","",768.824,784.543,15.719,"(F へー)|チャットモンチーは|二曲ぐらいしか|知らない"
"user_utterance","",784.543,808.517,23.974,"(D かぜふけ)(F え)|チャットモンチーだったかな|風吹けば恋|ていう曲が|チャットモンチーだったような気がするんですけどそれ|は|(F まー)好きかな|という感じです"
"user_utterance","",808.517,830.028,21.511,"曲が|曲(? の)メロディが|すごい|なんだろう|(? と)テンポが|ちょっと速めで爽快感がある感じが聞いてて気持ちいいから|好きです"
"user_utterance","",830.028,850.546,20.518,"そうですね|(F うーん)"
"user_utterance","",850.546,856.946,6.4,""
"user_utterance","",856.946,874.081,17.135,"十月に|一回バドミントンを友達と|四人で|(D すい)吹田の近くの|千里体育館で|やりました"
"user_utterance","",874.081,908.551,34.47,"いや|ほぼほぼ|ほぼほぼ(D しぇ)(D せ)しないんですけど|その(D バドミ)十月んときは|ちょっと誘われて|珍しく誘われたので珍しく行ったっていうだけで|もう全然|してないです|サークルはバドミントンやってたけど|大学の二年生ぐらいまでしか(D や)活動してないので|(D さんね)|二年ぐらいは全然なんにもやってなかったと(? 思います)"
"user_utterance","",908.551,941.045,32.494,"好きなスポーツです(? か)|見るのは|バドミントンとかバレーボールと|観戦する|だとしたら|バトミントンとか|(F んー)バレーボールとか|卓球とか|を見るのが好きですけど|(D や)自分がやるとしたら|(F んー)あんまり|あんまりスポーツ自体が好きじゃないから|と思います"
"user_utterance","",941.045,967.179,26.134,"そう(? ですね)|(F あ)(F まあ)|なんだろう|別に(D いき)(F ん)その|(D ず)どっかに見に行くわけじゃなく|テレビで|中継してるやつとかを|(F まあ)見るという|感じで|どっかに見に行ったことはない|実際(D みに)実際にやってるところを見に行ったことはないですけど"
"user_utterance","",967.179,1041.614,74.435,"(F んー)|バレー|バレーは|絶対なんか|点を|(F まー)とる|ていうか二十五点マッチで|もう(? こんしゅう)ていうかなんだろに|(F まー)分かれて|陣営分かれてコートにコート分かれて戦う|感じで|こう(D じゅ)特に女子バレー男子バレーよりも女子バレーのほうが好きでそれは|(F こう)(D きむ)アタックしてもこう(D ひ)頑張って拾う感じがすごい見ててこう盛り上がるというか|(F あー)拾ったみたいな感じになるのが|(F まー)見てて|楽しくて|で|バドミントンは|(F ま)自分がサークルで|やってたのもあってルールとかも一応わかるし|あと見てて展開が早いので|シャトルがすごい速く飛ぶから|展開が早くて|見てて|楽しいのかなと|思います"
"user_utterance","",1041.614,1050.27,8.656,""
"user_utterance","",1050.27,1059.845,9.575,"知ってます"
"user_utterance","",1059.845,1079.604,19.759,"そうですね|見て|東京オリンピックは|なんか生で見てみたいなと|思うんですけれど"
"user_utterance","",1079.604,1096.915,17.311,"海外でやってるやつを日本で中継|中継してるもの(D いき)って見たことありますけど|開催国に行ったことはない|ですね"
"user_utterance","",1096.915,1120.217,23.302,"具体的に予定を立ててるわけじゃないですけど|(F まあ)|予定|余裕が自分に|自分の時間とかお金とか|に余裕があれば行きたいなとは|思います"
"user_utterance","",1120.217,1129.417,9.2,""
"user_utterance","",1129.417,1135.48,6.063,""
"user_utterance","",1135.48,1154.783,19.303,"最近|ちょっと読んでないですけどだいたい|月|(D いっす)毎月一冊ぐらいは|読んでることが多いかなと思います"
"user_utterance","",1154.783,1179.293,24.51,"よく|読む|ほう|じゃないかな|同年代に比べたらよく読むほうじゃないかなと思うんですけど|結構家にも|(F あの)|買って|置いてある|(D か)一回読んだやつもう一回読むことみたいも|あるんで"
"user_utterance","",1179.293,1230.73,51.437,"私は|有川浩さん|ていう|作者というか|(F の)作家の方(D が)の本がすごい好きで|全部持ってるんですけど|本当に|有川さんの本はもう読みやすいし|(F えーとー)|なんだろ|人間ドラマがあるというか|(F あのー)|読んでてすごい|(F あの)登場人物の(D なん)性格とかをすごい|すごい(? こうこう)描写が|繊細というか|だから|お勧めです|有川さん有川浩さんの本がお勧めです"
"user_utterance","",1230.73,1298.398,67.668,"結構こう|なんか設定とかは|(D か)空想上というか(D ファン)ファンタジーまではいかないんですけど|結構空想の|設定|があったりとか|して|ちょっと|(F あの)現実離れしてるところがあるん|ですけど|現実離れしていても|(F こう)そこにいる人間の|人間性みたいなものがこう|細かく書いてくれるというか|(F あの)設定だけがおもしろ(? さ)じゃなくて本当にこの(? 情報)から(F えっと)人物像もちゃんとこう考えて|(? ある)のになってるところが|読んでてすごい|好きなのと|(F えと)恋愛|要素が|あってそれが|こう(D い)|すごいときめくので|好きです"
"user_utterance","",1298.398,1321.18,22.782,"一冊じゃないんですけど|シリーズ|もので図書館戦争|ていうシリーズがあって|全部で六冊|なんですけどそれが一番|お勧めです"
"user_utterance","",1321.18,1374.297,53.117,"(F んー)|(D てし)本の|(D スト)ストーリーとしては四冊で完結して残り二冊は|こう特別編みたいな|感じなんですけどその四冊|四冊を通してやっと|(F と)その|なんだ(D ヒ)ヒロインというか(F との)主人公と|(F あの)主人公の|(D あい)|主人公の女の子の相手の男の人とが四冊(? かんづえつ)でやっと|くっつくのが|くっつくっていうか付き合うというか|思いが通じ合うっていうような|見ててこう|(F あー)やっとくっついたってなるんで|いわゆるこう|好き|だと|好きなんだと思います"
"user_utterance","",1374.297,1475.042,100.745,"一番好きな場面|(F うーん)|なかなか|(D えらび)|選ぶのが難しいんですけど|(F んー)|なんかその登場人物のその主人公の女の子|郁っていう子が|お父さんとかにその仕事の面で反対されてて|でそれを隠してこう(D いち)もう(D せん)|もう仕事を(? すすんで)今もうその仕事についてるっていう設定なんですけど|(F の)郁の相手の|堂上|さんっていうその男の人が|(D ゆえ)|(D い)|戦闘職なんでもう命も命に関わる|仕事だから|その|危険な場面|危険な場所に行かないで済むように(? ジェット)は|ちょっと手心を加えて|郁さん|郁だけ|ちょっと|その戦闘のその場所から外すっていうことをしたんですけど結局(F その)郁は外されたことによって|別の事件に巻き込まれて|より危険な状態になるんですけど|そのときに|堂上さんが|もうすごい郁のこと心配してもう|絶対(D おや)(F の)すごい心配してこう(D か)もう(? ぐう)にもう|なんだろ|いてもたってもいられず(? かかって)|その場所に|駆けつけるというか|ていうのが|すごいこう|(F あー)思われてていいなと|思いまし(? た)"
"user_utterance","",1475.042,1484.754,9.712,""
"user_utterance","",1484.754,1497.025,12.271,"(F んー)"
"user_utterance","",1497.025,1504.216,7.191,"(F あー)"
"user_utterance","",1504.216,1513.256,9.04,""
"user_utterance","",1513.256,1523.335,10.079,""
"user_utterance","",1523.335,1548.19,24.855,"いや|(D おん)|三番目の恩田陸さんのやつは|本屋さんでちらっと見かけたことがあって|読んではないけど|存在としては知ってましたけど|残り二つは|全然知らなかったです"
"user_utterance","",1548.19,1556.717,8.527,"そうですね"
"user_utterance","",1556.717,1574.844,18.127,"恩田陸さんのはちょっと興味が|あるので|読むかもしれない|ですね|一番二番のやつはちょっと|あらすじを見て|決めようかな|と思います"
"user_utterance","",1574.844,1582.779,7.935,""
"user_utterance","",1582.779,1589.243,6.464,""
"user_utterance","",1589.243,1596.339,7.096,"いや|ない|ないです"
"user_utterance","",1596.339,1615.121,18.782,"(F えー)|射撃|射撃|射撃とかのほうがまし"
"user_utterance","",1615.121,1640.768,25.647,"(F え)|いや|(D も)好き|好き|好きというほど好きでもない|ですけど|(F えー)的に当てるのが楽しかったりするのかなとやったことないので|わからないですけど"
"user_utterance","",1640.768,1651.127,10.359,""
"user_utterance","",1651.127,1697.98,46.853,"(F んー)なんか銃は|(D こ)高校の修学旅行がグァムやって|で|(? なん)|なんか|友達が|(? なあ)|(? もう)あとで聞いたんですけどホテルをぬけ出して|本当はやっちゃいけなかったんですけど|(F んー)(D グァ)(F その)グァムは(F あの)銃規制ないから|なんか(F こう)|本物の銃撃ちに行ったことがあるらしく|(F その)(D ど)修学旅行中に友達も撃ちに行ったらしくって|すごいおもしろかったとは言ってたんですけど|それで|(F まー)訓練所とかでハワイとかで|やるなら|銃を撃ってみたいかなとは|思います"
"user_utterance","",1697.98,1705.94,7.96,""
"user_utterance","",1705.94,1722.89,16.95,"ううん|全く知らないです"
"user_utterance","",1722.89,1737.634,14.744,"うん"
"user_utterance","",1737.634,1748.577,10.943,"そう|そう|そうですね|そうですね"
"user_utterance","",1748.577,1757.344,8.767,"いや|全く|銃の型なんてわからないです"
"user_utterance","",1757.344,1764.384,7.04,"ない|です|ないです"
"user_utterance","",1764.384,1779.535,15.151,"(F んー)そうですね|うん|(F まー)一度ね"
"dialogue_act","",150.0,157.335,7.335,"op"
"dialogue_act","",157.335,167.158,9.823,"qy"
"dialogue_act","",167.158,182.485,15.327,"qw"
"dialogue_act","",182.485,194.133,11.648,"qy"
"dialogue_act","",194.133,228.195,34.062,"qw"
"dialogue_act","",228.195,265.064,36.869,"qw"
"dialogue_act","",265.064,273.448,8.384,"pa"
"dialogue_act","",273.448,291.43,17.982,"qy"
"dialogue_act","",291.43,300.814,9.384,"io"
"dialogue_act","",300.814,316.845,16.031,"io"
"dialogue_act","",316.845,335.868,19.023,"qy"
"dialogue_act","",335.868,351.827,15.959,"qy"
"dialogue_act","",351.827,359.93,8.103,"oa"
"dialogue_act","",359.93,366.538,6.608,"op"
"dialogue_act","",366.538,375.369,8.831,"qy"
"dialogue_act","",375.369,399.024,23.655,"qy"
"dialogue_act","",399.024,424.486,25.462,"qy"
"dialogue_act","",424.486,454.796,30.31,"qy"
"dialogue_act","",454.796,463.139,8.343,"su"
"dialogue_act","",463.139,479.458,16.319,"qy"
"dialogue_act","",479.458,490.394,10.936,"io"
"dialogue_act","",490.394,504.481,14.087,"io"
"dialogue_act","",504.481,512.432,7.951,"na"
"dialogue_act","",512.432,523.431,10.999,"io"
"dialogue_act","",523.431,538.551,15.12,"qy"
"dialogue_act","",538.551,551.542,12.991,"na"
"dialogue_act","",551.542,563.06,11.518,"qy"
"dialogue_act","",563.06,575.228,12.168,"oa"
"dialogue_act","",575.228,581.212,5.984,"op"
"dialogue_act","",581.212,592.459,11.247,"qy"
"dialogue_act","",592.459,605.73,13.271,"qw"
"dialogue_act","",605.73,627.985,22.255,"qy"
"dialogue_act","",627.985,661.591,33.606,"qw"
"dialogue_act","",661.591,679.957,18.366,"qy"
"dialogue_act","",679.957,741.545,61.588,"qw"
"dialogue_act","",741.545,752.609,11.064,"pa"
"dialogue_act","",752.609,768.824,16.215,"qy"
"dialogue_act","",768.824,784.543,15.719,"io"
"dialogue_act","",784.543,808.517,23.974,"qy"
"dialogue_act","",808.517,830.028,21.511,"qw"
"dialogue_act","",830.028,850.546,20.518,"io"
"dialogue_act","",850.546,856.946,6.4,"op"
"dialogue_act","",856.946,874.081,17.135,"qy"
"dialogue_act","",874.081,908.551,34.47,"qy"
"dialogue_act","",908.551,941.045,32.494,"qw"
"dialogue_act","",941.045,967.179,26.134,"qw"
"dialogue_act","",967.179,1041.614,74.435,"qw"
"dialogue_act","",1041.614,1050.27,8.656,"pa"
"dialogue_act","",1050.27,1059.845,9.575,"qy"
"dialogue_act","",1059.845,1079.604,19.759,"io"
"dialogue_act","",1079.604,1096.915,17.311,"qy"
"dialogue_act","",1096.915,1120.217,23.302,"qy"
"dialogue_act","",1120.217,1129.417,9.2,"oa"
"dialogue_act","",1129.417,1135.48,6.063,"op"
"dialogue_act","",1135.48,1154.783,19.303,"qy"
"dialogue_act","",1154.783,1179.293,24.51,"qy"
"dialogue_act","",1179.293,1230.73,51.437,"qy"
"dialogue_act","",1230.73,1298.398,67.668,"qw"
"dialogue_act","",1298.398,1321.18,22.782,"qy"
"dialogue_act","",1321.18,1374.297,53.117,"qw"
"dialogue_act","",1374.297,1475.042,100.745,"qy"
"dialogue_act","",1475.042,1484.754,9.712,"pa"
"dialogue_act","",1484.754,1497.025,12.271,"io"
"dialogue_act","",1497.025,1504.216,7.191,"io"
"dialogue_act","",1504.216,1513.256,9.04,"io"
"dialogue_act","",1513.256,1523.335,10.079,"io"
"dialogue_act","",1523.335,1548.19,24.855,"qy"
"dialogue_act","",1548.19,1556.717,8.527,"oa"
"dialogue_act","",1556.717,1574.844,18.127,"qy"
"dialogue_act","",1574.844,1582.779,7.935,"pa"
"dialogue_act","",1582.779,1589.243,6.464,"op"
"dialogue_act","",1589.243,1596.339,7.096,"qy"
"dialogue_act","",1596.339,1615.121,18.782,"qw"
"dialogue_act","",1615.121,1640.768,25.647,"qw"
"dialogue_act","",1640.768,1651.127,10.359,"pa"
"dialogue_act","",1651.127,1697.98,46.853,"qy"
"dialogue_act","",1697.98,1705.94,7.96,"pa"
"dialogue_act","",1705.94,1722.89,16.95,"qy"
"dialogue_act","",1722.89,1737.634,14.744,"io"
"dialogue_act","",1737.634,1748.577,10.943,"io"
"dialogue_act","",1748.577,1757.344,8.767,"qy"
"dialogue_act","",1757.344,1764.384,7.04,"qy"
"dialogue_act","",1764.384,1779.535,15.151,"pa"
"UI_F1","",150.0,157.335,7.335,"4"
"UI_F1","",157.335,167.158,9.823,"5"
"UI_F1","",167.158,182.485,15.327,"6"
"UI_F1","",182.485,194.133,11.648,"7"
"UI_F1","",194.133,228.195,34.062,"7"
"UI_F1","",228.195,265.064,36.869,"7"
"UI_F1","",265.064,273.448,8.384,"4"
"UI_F1","",273.448,291.43,17.982,"3"
"UI_F1","",291.43,300.814,9.384,"3"
"UI_F1","",300.814,316.845,16.031,"5"
"UI_F1","",316.845,335.868,19.023,"5"
"UI_F1","",335.868,351.827,15.959,"3"
"UI_F1","",351.827,359.93,8.103,"3"
"UI_F1","",359.93,366.538,6.608,"4"
"UI_F1","",366.538,375.369,8.831,"2"
"UI_F1","",375.369,399.024,23.655,"2"
"UI_F1","",399.024,424.486,25.462,"2"
"UI_F1","",424.486,454.796,30.31,"3"
"UI_F1","",454.796,463.139,8.343,"1"
"UI_F1","",463.139,479.458,16.319,"2"
"UI_F1","",479.458,490.394,10.936,"1"
"UI_F1","",490.394,504.481,14.087,"5"
"UI_F1","",504.481,512.432,7.951,"2"
"UI_F1","",512.432,523.431,10.999,"2"
"UI_F1","",523.431,538.551,15.12,"2"
"UI_F1","",538.551,551.542,12.991,"2"
"UI_F1","",551.542,563.06,11.518,"2"
"UI_F1","",563.06,575.228,12.168,"1"
"UI_F1","",575.228,581.212,5.984,"4"
"UI_F1","",581.212,592.459,11.247,"5"
"UI_F1","",592.459,605.73,13.271,"5"
"UI_F1","",605.73,627.985,22.255,"5"
"UI_F1","",627.985,661.591,33.606,"5"
"UI_F1","",661.591,679.957,18.366,"5"
"UI_F1","",679.957,741.545,61.588,"6"
"UI_F1","",741.545,752.609,11.064,"4"
"UI_F1","",752.609,768.824,16.215,"3"
"UI_F1","",768.824,784.543,15.719,"3"
"UI_F1","",784.543,808.517,23.974,"3"
"UI_F1","",808.517,830.028,21.511,"5"
"UI_F1","",830.028,850.546,20.518,"4"
"UI_F1","",850.546,856.946,6.4,"4"
"UI_F1","",856.946,874.081,17.135,"4"
"UI_F1","",874.081,908.551,34.47,"3"
"UI_F1","",908.551,941.045,32.494,"4"
"UI_F1","",941.045,967.179,26.134,"5"
"UI_F1","",967.179,1041.614,74.435,"6"
"UI_F1","",1041.614,1050.27,8.656,"4"
"UI_F1","",1050.27,1059.845,9.575,"4"
"UI_F1","",1059.845,1079.604,19.759,"7"
"UI_F1","",1079.604,1096.915,17.311,"5"
"UI_F1","",1096.915,1120.217,23.302,"6"
"UI_F1","",1120.217,1129.417,9.2,"4"
"UI_F1","",1129.417,1135.48,6.063,"4"
"UI_F1","",1135.48,1154.783,19.303,"6"
"UI_F1","",1154.783,1179.293,24.51,"5"
"UI_F1","",1179.293,1230.73,51.437,"6"
"UI_F1","",1230.73,1298.398,67.668,"7"
"UI_F1","",1298.398,1321.18,22.782,"6"
"UI_F1","",1321.18,1374.297,53.117,"7"
"UI_F1","",1374.297,1475.042,100.745,"7"
"UI_F1","",1475.042,1484.754,9.712,"4"
"UI_F1","",1484.754,1497.025,12.271,"3"
"UI_F1","",1497.025,1504.216,7.191,"4"
"UI_F1","",1504.216,1513.256,9.04,"2"
"UI_F1","",1513.256,1523.335,10.079,"2"
"UI_F1","",1523.335,1548.19,24.855,"3"
"UI_F1","",1548.19,1556.717,8.527,"3"
"UI_F1","",1556.717,1574.844,18.127,"5"
"UI_F1","",1574.844,1582.779,7.935,"4"
"UI_F1","",1582.779,1589.243,6.464,"4"
"UI_F1","",1589.243,1596.339,7.096,"4"
"UI_F1","",1596.339,1615.121,18.782,"3"
"UI_F1","",1615.121,1640.768,25.647,"5"
"UI_F1","",1640.768,1651.127,10.359,"2"
"UI_F1","",1651.127,1697.98,46.853,"6"
"UI_F1","",1697.98,1705.94,7.96,"4"
"UI_F1","",1705.94,1722.89,16.95,"3"
"UI_F1","",1722.89,1737.634,14.744,"2"
"UI_F1","",1737.634,1748.577,10.943,"1"
"UI_F1","",1748.577,1757.344,8.767,"1"
"UI_F1","",1757.344,1764.384,7.04,"2"
"UI_F1","",1764.384,1779.535,15.151,"1"
"UI_F3","",150.0,157.335,7.335,"4"
"UI_F3","",157.335,167.158,9.823,"5"
"UI_F3","",167.158,182.485,15.327,"6"
"UI_F3","",182.485,194.133,11.648,"7"
"UI_F3","",194.133,228.195,34.062,"6"
"UI_F3","",228.195,265.064,36.869,"5"
"UI_F3","",265.064,273.448,8.384,"4"
"UI_F3","",273.448,291.43,17.982,"5"
"UI_F3","",291.43,300.814,9.384,"4"
"UI_F3","",300.814,316.845,16.031,"5"
"UI_F3","",316.845,335.868,19.023,"4"
"UI_F3","",335.868,351.827,15.959,"3"
"UI_F3","",351.827,359.93,8.103,"4"
"UI_F3","",359.93,366.538,6.608,"4"
"UI_F3","",366.538,375.369,8.831,"3"
"UI_F3","",375.369,399.024,23.655,"3"
"UI_F3","",399.024,424.486,25.462,"3"
"UI_F3","",424.486,454.796,30.31,"3"
"UI_F3","",454.796,463.139,8.343,"4"
"UI_F3","",463.139,479.458,16.319,"4"
"UI_F3","",479.458,490.394,10.936,"3"
"UI_F3","",490.394,504.481,14.087,"3"
"UI_F3","",504.481,512.432,7.951,"4"
"UI_F3","",512.432,523.431,10.999,"2"
"UI_F3","",523.431,538.551,15.12,"2"
"UI_F3","",538.551,551.542,12.991,"1"
"UI_F3","",551.542,563.06,11.518,"1"
"UI_F3","",563.06,575.228,12.168,"4"
"UI_F3","",575.228,581.212,5.984,"4"
"UI_F3","",581.212,592.459,11.247,"4"
"UI_F3","",592.459,605.73,13.271,"5"
"UI_F3","",605.73,627.985,22.255,"5"
"UI_F3","",627.985,661.591,33.606,"5"
"UI_F3","",661.591,679.957,18.366,"6"
"UI_F3","",679.957,741.545,61.588,"6"
"UI_F3","",741.545,752.609,11.064,"4"
"UI_F3","",752.609,768.824,16.215,"4"
"UI_F3","",768.824,784.543,15.719,"3"
"UI_F3","",784.543,808.517,23.974,"3"
"UI_F3","",808.517,830.028,21.511,"3"
"UI_F3","",830.028,850.546,20.518,"4"
"UI_F3","",850.546,856.946,6.4,"4"
"UI_F3","",856.946,874.081,17.135,"5"
"UI_F3","",874.081,908.551,34.47,"3"
"UI_F3","",908.551,941.045,32.494,"3"
"UI_F3","",941.045,967.179,26.134,"5"
"UI_F3","",967.179,1041.614,74.435,"5"
"UI_F3","",1041.614,1050.27,8.656,"4"
"UI_F3","",1050.27,1059.845,9.575,"4"
"UI_F3","",1059.845,1079.604,19.759,"5"
"UI_F3","",1079.604,1096.915,17.311,"4"
"UI_F3","",1096.915,1120.217,23.302,"3"
"UI_F3","",1120.217,1129.417,9.2,"4"
"UI_F3","",1129.417,1135.48,6.063,"4"
"UI_F3","",1135.48,1154.783,19.303,"5"
"UI_F3","",1154.783,1179.293,24.51,"5"
"UI_F3","",1179.293,1230.73,51.437,"6"
"UI_F3","",1230.73,1298.398,67.668,"7"
"UI_F3","",1298.398,1321.18,22.782,"6"
"UI_F3","",1321.18,1374.297,53.117,"5"
"UI_F3","",1374.297,1475.042,100.745,"6"
"UI_F3","",1475.042,1484.754,9.712,"4"
"UI_F3","",1484.754,1497.025,12.271,"4"
"UI_F3","",1497.025,1504.216,7.191,"5"
"UI_F3","",1504.216,1513.256,9.04,"4"
"UI_F3","",1513.256,1523.335,10.079,"4"
"UI_F3","",1523.335,1548.19,24.855,"3"
"UI_F3","",1548.19,1556.717,8.527,"3"
"UI_F3","",1556.717,1574.844,18.127,"3"
"UI_F3","",1574.844,1582.779,7.935,"4"
"UI_F3","",1582.779,1589.243,6.464,"4"
"UI_F3","",1589.243,1596.339,7.096,"3"
"UI_F3","",1596.339,1615.121,18.782,"2"
"UI_F3","",1615.121,1640.768,25.647,"1"
"UI_F3","",1640.768,1651.127,10.359,"4"
"UI_F3","",1651.127,1697.98,46.853,"5"
"UI_F3","",1697.98,1705.94,7.96,"4"
"UI_F3","",1705.94,1722.89,16.95,"3"
"UI_F3","",1722.89,1737.634,14.744,"3"
"UI_F3","",1737.634,1748.577,10.943,"1"
"UI_F3","",1748.577,1757.344,8.767,"3"
"UI_F3","",1757.344,1764.384,7.04,"1"
"UI_F3","",1764.384,1779.535,15.151,"3"
"UI_F5","",150.0,157.335,7.335,"4"
"UI_F5","",157.335,167.158,9.823,"5"
"UI_F5","",167.158,182.485,15.327,"5"
"UI_F5","",182.485,194.133,11.648,"7"
"UI_F5","",194.133,228.195,34.062,"6"
"UI_F5","",228.195,265.064,36.869,"3"
"UI_F5","",265.064,273.448,8.384,"2"
"UI_F5","",273.448,291.43,17.982,"2"
"UI_F5","",291.43,300.814,9.384,"3"
"UI_F5","",300.814,316.845,16.031,"5"
"UI_F5","",316.845,335.868,19.023,"3"
"UI_F5","",335.868,351.827,15.959,"3"
"UI_F5","",351.827,359.93,8.103,"4"
"UI_F5","",359.93,366.538,6.608,"4"
"UI_F5","",366.538,375.369,8.831,"3"
"UI_F5","",375.369,399.024,23.655,"1"
"UI_F5","",399.024,424.486,25.462,"2"
"UI_F5","",424.486,454.796,30.31,"3"
"UI_F5","",454.796,463.139,8.343,"1"
"UI_F5","",463.139,479.458,16.319,"3"
"UI_F5","",479.458,490.394,10.936,"4"
"UI_F5","",490.394,504.481,14.087,"4"
"UI_F5","",504.481,512.432,7.951,"2"
"UI_F5","",512.432,523.431,10.999,"3"
"UI_F5","",523.431,538.551,15.12,"3"
"UI_F5","",538.551,551.542,12.991,"2"
"UI_F5","",551.542,563.06,11.518,"2"
"UI_F5","",563.06,575.228,12.168,"1"
"UI_F5","",575.228,581.212,5.984,"4"
"UI_F5","",581.212,592.459,11.247,"4"
"UI_F5","",592.459,605.73,13.271,"4"
"UI_F5","",605.73,627.985,22.255,"5"
"UI_F5","",627.985,661.591,33.606,"3"
"UI_F5","",661.591,679.957,18.366,"4"
"UI_F5","",679.957,741.545,61.588,"4"
"UI_F5","",741.545,752.609,11.064,"2"
"UI_F5","",752.609,768.824,16.215,"4"
"UI_F5","",768.824,784.543,15.719,"3"
"UI_F5","",784.543,808.517,23.974,"2"
"UI_F5","",808.517,830.028,21.511,"4"
"UI_F5","",830.028,850.546,20.518,"2"
"UI_F5","",850.546,856.946,6.4,"4"
"UI_F5","",856.946,874.081,17.135,"6"
"UI_F5","",874.081,908.551,34.47,"5"
"UI_F5","",908.551,941.045,32.494,"3"
"UI_F5","",941.045,967.179,26.134,"4"
"UI_F5","",967.179,1041.614,74.435,"3"
"UI_F5","",1041.614,1050.27,8.656,"1"
"UI_F5","",1050.27,1059.845,9.575,"4"
"UI_F5","",1059.845,1079.604,19.759,"6"
"UI_F5","",1079.604,1096.915,17.311,"5"
"UI_F5","",1096.915,1120.217,23.302,"4"
"UI_F5","",1120.217,1129.417,9.2,"2"
"UI_F5","",1129.417,1135.48,6.063,"4"
"UI_F5","",1135.48,1154.783,19.303,"5"
"UI_F5","",1154.783,1179.293,24.51,"5"
"UI_F5","",1179.293,1230.73,51.437,"7"
"UI_F5","",1230.73,1298.398,67.668,"7"
"UI_F5","",1298.398,1321.18,22.782,"6"
"UI_F5","",1321.18,1374.297,53.117,"7"
"UI_F5","",1374.297,1475.042,100.745,"6"
"UI_F5","",1475.042,1484.754,9.712,"2"
"UI_F5","",1484.754,1497.025,12.271,"3"
"UI_F5","",1497.025,1504.216,7.191,"3"
"UI_F5","",1504.216,1513.256,9.04,"3"
"UI_F5","",1513.256,1523.335,10.079,"2"
"UI_F5","",1523.335,1548.19,24.855,"3"
"UI_F5","",1548.19,1556.717,8.527,"2"
"UI_F5","",1556.717,1574.844,18.127,"3"
"UI_F5","",1574.844,1582.779,7.935,"2"
"UI_F5","",1582.779,1589.243,6.464,"4"
"UI_F5","",1589.243,1596.339,7.096,"4"
"UI_F5","",1596.339,1615.121,18.782,"1"
"UI_F5","",1615.121,1640.768,25.647,"1"
"UI_F5","",1640.768,1651.127,10.359,"1"
"UI_F5","",1651.127,1697.98,46.853,"3"
"UI_F5","",1697.98,1705.94,7.96,"2"
"UI_F5","",1705.94,1722.89,16.95,"3"
"UI_F5","",1722.89,1737.634,14.744,"2"
"UI_F5","",1737.634,1748.577,10.943,"1"
"UI_F5","",1748.577,1757.344,8.767,"1"
"UI_F5","",1757.344,1764.384,7.04,"1"
"UI_F5","",1764.384,1779.535,15.151,"1"
"UI_F6","",150.0,157.335,7.335,"4"
"UI_F6","",157.335,167.158,9.823,"4"
"UI_F6","",167.158,182.485,15.327,"4"
"UI_F6","",182.485,194.133,11.648,"5"
"UI_F6","",194.133,228.195,34.062,"5"
"UI_F6","",228.195,265.064,36.869,"5"
"UI_F6","",265.064,273.448,8.384,"5"
"UI_F6","",273.448,291.43,17.982,"4"
"UI_F6","",291.43,300.814,9.384,"4"
"UI_F6","",300.814,316.845,16.031,"5"
"UI_F6","",316.845,335.868,19.023,"4"
"UI_F6","",335.868,351.827,15.959,"4"
"UI_F6","",351.827,359.93,8.103,"4"
"UI_F6","",359.93,366.538,6.608,"4"
"UI_F6","",366.538,375.369,8.831,"4"
"UI_F6","",375.369,399.024,23.655,"4"
"UI_F6","",399.024,424.486,25.462,"4"
"UI_F6","",424.486,454.796,30.31,"4"
"UI_F6","",454.796,463.139,8.343,"3"
"UI_F6","",463.139,479.458,16.319,"3"
"UI_F6","",479.458,490.394,10.936,"3"
"UI_F6","",490.394,504.481,14.087,"4"
"UI_F6","",504.481,512.432,7.951,"4"
"UI_F6","",512.432,523.431,10.999,"3"
"UI_F6","",523.431,538.551,15.12,"4"
"UI_F6","",538.551,551.542,12.991,"4"
"UI_F6","",551.542,563.06,11.518,"3"
"UI_F6","",563.06,575.228,12.168,"3"
"UI_F6","",575.228,581.212,5.984,"4"
"UI_F6","",581.212,592.459,11.247,"4"
"UI_F6","",592.459,605.73,13.271,"4"
"UI_F6","",605.73,627.985,22.255,"5"
"UI_F6","",627.985,661.591,33.606,"5"
"UI_F6","",661.591,679.957,18.366,"5"
"UI_F6","",679.957,741.545,61.588,"4"
"UI_F6","",741.545,752.609,11.064,"4"
"UI_F6","",752.609,768.824,16.215,"5"
"UI_F6","",768.824,784.543,15.719,"4"
"UI_F6","",784.543,808.517,23.974,"4"
"UI_F6","",808.517,830.028,21.511,"4"
"UI_F6","",830.028,850.546,20.518,"4"
"UI_F6","",850.546,856.946,6.4,"4"
"UI_F6","",856.946,874.081,17.135,"4"
"UI_F6","",874.081,908.551,34.47,"4"
"UI_F6","",908.551,941.045,32.494,"4"
"UI_F6","",941.045,967.179,26.134,"4"
"UI_F6","",967.179,1041.614,74.435,"4"
"UI_F6","",1041.614,1050.27,8.656,"4"
"UI_F6","",1050.27,1059.845,9.575,"4"
"UI_F6","",1059.845,1079.604,19.759,"5"
"UI_F6","",1079.604,1096.915,17.311,"4"
"UI_F6","",1096.915,1120.217,23.302,"4"
"UI_F6","",1120.217,1129.417,9.2,"4"
"UI_F6","",1129.417,1135.48,6.063,"4"
"UI_F6","",1135.48,1154.783,19.303,"4"
"UI_F6","",1154.783,1179.293,24.51,"5"
"UI_F6","",1179.293,1230.73,51.437,"6"
"UI_F6","",1230.73,1298.398,67.668,"4"
"UI_F6","",1298.398,1321.18,22.782,"5"
"UI_F6","",1321.18,1374.297,53.117,"5"
"UI_F6","",1374.297,1475.042,100.745,"5"
"UI_F6","",1475.042,1484.754,9.712,"4"
"UI_F6","",1484.754,1497.025,12.271,"4"
"UI_F6","",1497.025,1504.216,7.191,"4"
"UI_F6","",1504.216,1513.256,9.04,"3"
"UI_F6","",1513.256,1523.335,10.079,"3"
"UI_F6","",1523.335,1548.19,24.855,"3"
"UI_F6","",1548.19,1556.717,8.527,"4"
"UI_F6","",1556.717,1574.844,18.127,"5"
"UI_F6","",1574.844,1582.779,7.935,"4"
"UI_F6","",1582.779,1589.243,6.464,"4"
"UI_F6","",1589.243,1596.339,7.096,"3"
"UI_F6","",1596.339,1615.121,18.782,"2"
"UI_F6","",1615.121,1640.768,25.647,"1"
"UI_F6","",1640.768,1651.127,10.359,"3"
"UI_F6","",1651.127,1697.98,46.853,"5"
"UI_F6","",1697.98,1705.94,7.96,"3"
"UI_F6","",1705.94,1722.89,16.95,"2"
"UI_F6","",1722.89,1737.634,14.744,"1"
"UI_F6","",1737.634,1748.577,10.943,"1"
"UI_F6","",1748.577,1757.344,8.767,"3"
"UI_F6","",1757.344,1764.384,7.04,"2"
"UI_F6","",1764.384,1779.535,15.151,"2"
"UI_M1","",150.0,157.335,7.335,"4"
"UI_M1","",157.335,167.158,9.823,"5"
"UI_M1","",167.158,182.485,15.327,"5"
"UI_M1","",182.485,194.133,11.648,"6"
"UI_M1","",194.133,228.195,34.062,"5"
"UI_M1","",228.195,265.064,36.869,"5"
"UI_M1","",265.064,273.448,8.384,"6"
"UI_M1","",273.448,291.43,17.982,"5"
"UI_M1","",291.43,300.814,9.384,"3"
"UI_M1","",300.814,316.845,16.031,"5"
"UI_M1","",316.845,335.868,19.023,"5"
"UI_M1","",335.868,351.827,15.959,"4"
"UI_M1","",351.827,359.93,8.103,"5"
"UI_M1","",359.93,366.538,6.608,"4"
"UI_M1","",366.538,375.369,8.831,"3"
"UI_M1","",375.369,399.024,23.655,"4"
"UI_M1","",399.024,424.486,25.462,"4"
"UI_M1","",424.486,454.796,30.31,"5"
"UI_M1","",454.796,463.139,8.343,"4"
"UI_M1","",463.139,479.458,16.319,"3"
"UI_M1","",479.458,490.394,10.936,"3"
"UI_M1","",490.394,504.481,14.087,"5"
"UI_M1","",504.481,512.432,7.951,"5"
"UI_M1","",512.432,523.431,10.999,"3"
"UI_M1","",523.431,538.551,15.12,"4"
"UI_M1","",538.551,551.542,12.991,"4"
"UI_M1","",551.542,563.06,11.518,"4"
"UI_M1","",563.06,575.228,12.168,"3"
"UI_M1","",575.228,581.212,5.984,"4"
"UI_M1","",581.212,592.459,11.247,"4"
"UI_M1","",592.459,605.73,13.271,"4"
"UI_M1","",605.73,627.985,22.255,"5"
"UI_M1","",627.985,661.591,33.606,"5"
"UI_M1","",661.591,679.957,18.366,"5"
"UI_M1","",679.957,741.545,61.588,"5"
"UI_M1","",741.545,752.609,11.064,"4"
"UI_M1","",752.609,768.824,16.215,"4"
"UI_M1","",768.824,784.543,15.719,"4"
"UI_M1","",784.543,808.517,23.974,"5"
"UI_M1","",808.517,830.028,21.511,"5"
"UI_M1","",830.028,850.546,20.518,"4"
"UI_M1","",850.546,856.946,6.4,"4"
"UI_M1","",856.946,874.081,17.135,"5"
"UI_M1","",874.081,908.551,34.47,"5"
"UI_M1","",908.551,941.045,32.494,"5"
"UI_M1","",941.045,967.179,26.134,"5"
"UI_M1","",967.179,1041.614,74.435,"5"
"UI_M1","",1041.614,1050.27,8.656,"4"
"UI_M1","",1050.27,1059.845,9.575,"4"
"UI_M1","",1059.845,1079.604,19.759,"5"
"UI_M1","",1079.604,1096.915,17.311,"5"
"UI_M1","",1096.915,1120.217,23.302,"5"
"UI_M1","",1120.217,1129.417,9.2,"5"
"UI_M1","",1129.417,1135.48,6.063,"4"
"UI_M1","",1135.48,1154.783,19.303,"5"
"UI_M1","",1154.783,1179.293,24.51,"5"
"UI_M1","",1179.293,1230.73,51.437,"5"
"UI_M1","",1230.73,1298.398,67.668,"5"
"UI_M1","",1298.398,1321.18,22.782,"5"
"UI_M1","",1321.18,1374.297,53.117,"5"
"UI_M1","",1374.297,1475.042,100.745,"5"
"UI_M1","",1475.042,1484.754,9.712,"4"
"UI_M1","",1484.754,1497.025,12.271,"4"
"UI_M1","",1497.025,1504.216,7.191,"4"
"UI_M1","",1504.216,1513.256,9.04,"4"
"UI_M1","",1513.256,1523.335,10.079,"4"
"UI_M1","",1523.335,1548.19,24.855,"4"
"UI_M1","",1548.19,1556.717,8.527,"5"
"UI_M1","",1556.717,1574.844,18.127,"5"
"UI_M1","",1574.844,1582.779,7.935,"4"
"UI_M1","",1582.779,1589.243,6.464,"4"
"UI_M1","",1589.243,1596.339,7.096,"4"
"UI_M1","",1596.339,1615.121,18.782,"4"
"UI_M1","",1615.121,1640.768,25.647,"5"
"UI_M1","",1640.768,1651.127,10.359,"5"
"UI_M1","",1651.127,1697.98,46.853,"5"
"UI_M1","",1697.98,1705.94,7.96,"4"
"UI_M1","",1705.94,1722.89,16.95,"5"
"UI_M1","",1722.89,1737.634,14.744,"4"
"UI_M1","",1737.634,1748.577,10.943,"5"
"UI_M1","",1748.577,1757.344,8.767,"5"
"UI_M1","",1757.344,1764.384,7.04,"4"
"UI_M1","",1764.384,1779.535,15.151,"3"
"TC_F1","",150.0,157.335,7.335,"4"
"TC_F1","",157.335,167.158,9.823,"5"
"TC_F1","",167.158,182.485,15.327,"6"
"TC_F1","",182.485,194.133,11.648,"6"
"TC_F1","",194.133,228.195,34.062,"6"
"TC_F1","",228.195,265.064,36.869,"6"
"TC_F1","",265.064,273.448,8.384,"5"
"TC_F1","",273.448,291.43,17.982,"4"
"TC_F1","",291.43,300.814,9.384,"4"
"TC_F1","",300.814,316.845,16.031,"6"
"TC_F1","",316.845,335.868,19.023,"5"
"TC_F1","",335.868,351.827,15.959,"1"
"TC_F1","",351.827,359.93,8.103,"4"
"TC_F1","",359.93,366.538,6.608,"4"
"TC_F1","",366.538,375.369,8.831,"5"
"TC_F1","",375.369,399.024,23.655,"4"
"TC_F1","",399.024,424.486,25.462,"5"
"TC_F1","",424.486,454.796,30.31,"5"
"TC_F1","",454.796,463.139,8.343,"1"
"TC_F1","",463.139,479.458,16.319,"4"
"TC_F1","",479.458,490.394,10.936,"4"
"TC_F1","",490.394,504.481,14.087,"5"
"TC_F1","",504.481,512.432,7.951,"2"
"TC_F1","",512.432,523.431,10.999,"1"
"TC_F1","",523.431,538.551,15.12,"5"
"TC_F1","",538.551,551.542,12.991,"2"
"TC_F1","",551.542,563.06,11.518,"1"
"TC_F1","",563.06,575.228,12.168,"1"
"TC_F1","",575.228,581.212,5.984,"4"
"TC_F1","",581.212,592.459,11.247,"5"
"TC_F1","",592.459,605.73,13.271,"5"
"TC_F1","",605.73,627.985,22.255,"5"
"TC_F1","",627.985,661.591,33.606,"5"
"TC_F1","",661.591,679.957,18.366,"5"
"TC_F1","",679.957,741.545,61.588,"5"
"TC_F1","",741.545,752.609,11.064,"4"
"TC_F1","",752.609,768.824,16.215,"3"
"TC_F1","",768.824,784.543,15.719,"2"
"TC_F1","",784.543,808.517,23.974,"4"
"TC_F1","",808.517,830.028,21.511,"5"
"TC_F1","",830.028,850.546,20.518,"4"
"TC_F1","",850.546,856.946,6.4,"4"
"TC_F1","",856.946,874.081,17.135,"6"
"TC_F1","",874.081,908.551,34.47,"4"
"TC_F1","",908.551,941.045,32.494,"5"
"TC_F1","",941.045,967.179,26.134,"4"
"TC_F1","",967.179,1041.614,74.435,"6"
"TC_F1","",1041.614,1050.27,8.656,"4"
"TC_F1","",1050.27,1059.845,9.575,"4"
"TC_F1","",1059.845,1079.604,19.759,"5"
"TC_F1","",1079.604,1096.915,17.311,"4"
"TC_F1","",1096.915,1120.217,23.302,"5"
"TC_F1","",1120.217,1129.417,9.2,"4"
"TC_F1","",1129.417,1135.48,6.063,"4"
"TC_F1","",1135.48,1154.783,19.303,"6"
"TC_F1","",1154.783,1179.293,24.51,"6"
"TC_F1","",1179.293,1230.73,51.437,"6"
"TC_F1","",1230.73,1298.398,67.668,"6"
"TC_F1","",1298.398,1321.18,22.782,"6"
"TC_F1","",1321.18,1374.297,53.117,"5"
"TC_F1","",1374.297,1475.042,100.745,"5"
"TC_F1","",1475.042,1484.754,9.712,"4"
"TC_F1","",1484.754,1497.025,12.271,"3"
"TC_F1","",1497.025,1504.216,7.191,"2"
"TC_F1","",1504.216,1513.256,9.04,"1"
"TC_F1","",1513.256,1523.335,10.079,"1"
"TC_F1","",1523.335,1548.19,24.855,"2"
"TC_F1","",1548.19,1556.717,8.527,"4"
"TC_F1","",1556.717,1574.844,18.127,"5"
"TC_F1","",1574.844,1582.779,7.935,"4"
"TC_F1","",1582.779,1589.243,6.464,"4"
"TC_F1","",1589.243,1596.339,7.096,"4"
"TC_F1","",1596.339,1615.121,18.782,"4"
"TC_F1","",1615.121,1640.768,25.647,"4"
"TC_F1","",1640.768,1651.127,10.359,"3"
"TC_F1","",1651.127,1697.98,46.853,"5"
"TC_F1","",1697.98,1705.94,7.96,"4"
"TC_F1","",1705.94,1722.89,16.95,"2"
"TC_F1","",1722.89,1737.634,14.744,"2"
"TC_F1","",1737.634,1748.577,10.943,"2"
"TC_F1","",1748.577,1757.344,8.767,"2"
"TC_F1","",1757.344,1764.384,7.04,"1"
"TC_F1","",1764.384,1779.535,15.151,"1"
"TC_F1_（自由記述）","",167.158,182.485,15.327,"どんな漫画を集めているのですか？"
"TC_F1_（自由記述）","",194.133,228.195,34.062,"何年くらい続いているのですか？"
"TC_F1_（自由記述）","",366.538,375.369,8.831,"芸術作品には興味はありますか？"
"TC_F1_（自由記述）","",592.459,605.73,13.271,"誰か好きなアーティストはいますか？"
"TC_F1_（自由記述）","",1096.915,1120.217,23.302,"行けるとしたら何を観戦せたいですか？"
"TC_F1_（自由記述）","",1154.783,1179.293,24.51,"1回目と2回目で感じる事が違ったりしますか？"
"TC_F2","",150.0,157.335,7.335,"4"
"TC_F2","",157.335,167.158,9.823,"4"
"TC_F2","",167.158,182.485,15.327,"4"
"TC_F2","",182.485,194.133,11.648,"6"
"TC_F2","",194.133,228.195,34.062,"3"
"TC_F2","",228.195,265.064,36.869,"4"
"TC_F2","",265.064,273.448,8.384,"3"
"TC_F2","",273.448,291.43,17.982,"2"
"TC_F2","",291.43,300.814,9.384,"2"
"TC_F2","",300.814,316.845,16.031,"4"
"TC_F2","",316.845,335.868,19.023,"4"
"TC_F2","",335.868,351.827,15.959,"3"
"TC_F2","",351.827,359.93,8.103,"3"
"TC_F2","",359.93,366.538,6.608,"4"
"TC_F2","",366.538,375.369,8.831,"4"
"TC_F2","",375.369,399.024,23.655,"4"
"TC_F2","",399.024,424.486,25.462,"4"
"TC_F2","",424.486,454.796,30.31,"4"
"TC_F2","",454.796,463.139,8.343,"2"
"TC_F2","",463.139,479.458,16.319,"3"
"TC_F2","",479.458,490.394,10.936,"2"
"TC_F2","",490.394,504.481,14.087,"2"
"TC_F2","",504.481,512.432,7.951,"1"
"TC_F2","",512.432,523.431,10.999,"2"
"TC_F2","",523.431,538.551,15.12,"3"
"TC_F2","",538.551,551.542,12.991,"1"
"TC_F2","",551.542,563.06,11.518,"1"
"TC_F2","",563.06,575.228,12.168,"1"
"TC_F2","",575.228,581.212,5.984,"4"
"TC_F2","",581.212,592.459,11.247,"5"
"TC_F2","",592.459,605.73,13.271,"5"
"TC_F2","",605.73,627.985,22.255,"4"
"TC_F2","",627.985,661.591,33.606,"4"
"TC_F2","",661.591,679.957,18.366,"4"
"TC_F2","",679.957,741.545,61.588,"4"
"TC_F2","",741.545,752.609,11.064,"1"
"TC_F2","",752.609,768.824,16.215,"3"
"TC_F2","",768.824,784.543,15.719,"2"
"TC_F2","",784.543,808.517,23.974,"4"
"TC_F2","",808.517,830.028,21.511,"4"
"TC_F2","",830.028,850.546,20.518,"2"
"TC_F2","",850.546,856.946,6.4,"4"
"TC_F2","",856.946,874.081,17.135,"5"
"TC_F2","",874.081,908.551,34.47,"4"
"TC_F2","",908.551,941.045,32.494,"4"
"TC_F2","",941.045,967.179,26.134,"4"
"TC_F2","",967.179,1041.614,74.435,"4"
"TC_F2","",1041.614,1050.27,8.656,"3"
"TC_F2","",1050.27,1059.845,9.575,"4"
"TC_F2","",1059.845,1079.604,19.759,"5"
"TC_F2","",1079.604,1096.915,17.311,"4"
"TC_F2","",1096.915,1120.217,23.302,"4"
"TC_F2","",1120.217,1129.417,9.2,"4"
"TC_F2","",1129.417,1135.48,6.063,"4"
"TC_F2","",1135.48,1154.783,19.303,"5"
"TC_F2","",1154.783,1179.293,24.51,"4"
"TC_F2","",1179.293,1230.73,51.437,"4"
"TC_F2","",1230.73,1298.398,67.668,"4"
"TC_F2","",1298.398,1321.18,22.782,"4"
"TC_F2","",1321.18,1374.297,53.117,"4"
"TC_F2","",1374.297,1475.042,100.745,"4"
"TC_F2","",1475.042,1484.754,9.712,"4"
"TC_F2","",1484.754,1497.025,12.271,"4"
"TC_F2","",1497.025,1504.216,7.191,"4"
"TC_F2","",1504.216,1513.256,9.04,"3"
"TC_F2","",1513.256,1523.335,10.079,"3"
"TC_F2","",1523.335,1548.19,24.855,"4"
"TC_F2","",1548.19,1556.717,8.527,"4"
"TC_F2","",1556.717,1574.844,18.127,"4"
"TC_F2","",1574.844,1582.779,7.935,"3"
"TC_F2","",1582.779,1589.243,6.464,"4"
"TC_F2","",1589.243,1596.339,7.096,"4"
"TC_F2","",1596.339,1615.121,18.782,"4"
"TC_F2","",1615.121,1640.768,25.647,"3"
"TC_F2","",1640.768,1651.127,10.359,"2"
"TC_F2","",1651.127,1697.98,46.853,"4"
"TC_F2","",1697.98,1705.94,7.96,"3"
"TC_F2","",1705.94,1722.89,16.95,"2"
"TC_F2","",1722.89,1737.634,14.744,"2"
"TC_F2","",1737.634,1748.577,10.943,"2"
"TC_F2","",1748.577,1757.344,8.767,"2"
"TC_F2","",1757.344,1764.384,7.04,"2"
"TC_F2","",1764.384,1779.535,15.151,"2"
"TC_F2_（自由記述）","",182.485,194.133,11.648,"どんな内容か教えてくれますか？"
"TC_F2_（自由記述）","",581.212,592.459,11.247,"いつどんな時に音楽を聴きますか？"
"TC_F2_（自由記述）","",592.459,605.73,13.271,"誰の音楽が好きですか?"
"TC_F2_（自由記述）","",856.946,874.081,17.135,"バドミントンの試合を見るのは好きですか？"
"TC_F2_（自由記述）","",1059.845,1079.604,19.759,"どの競技に興味がありますか？"
"TC_F2_（自由記述）","",1135.48,1154.783,19.303,"どんなジャンルの本をよく読みますか？"
"TC_F2_（自由記述）","",1523.335,1548.19,24.855,"この中で読んでみたい作品はありますか？"
"TC_F3","",150.0,157.335,7.335,"4"
"TC_F3","",157.335,167.158,9.823,"6"
"TC_F3","",167.158,182.485,15.327,"6"
"TC_F3","",182.485,194.133,11.648,"6"
"TC_F3","",194.133,228.195,34.062,"7"
"TC_F3","",228.195,265.064,36.869,"5"
"TC_F3","",265.064,273.448,8.384,"4"
"TC_F3","",273.448,291.43,17.982,"4"
"TC_F3","",291.43,300.814,9.384,"4"
"TC_F3","",300.814,316.845,16.031,"6"
"TC_F3","",316.845,335.868,19.023,"4"
"TC_F3","",335.868,351.827,15.959,"3"
"TC_F3","",351.827,359.93,8.103,"4"
"TC_F3","",359.93,366.538,6.608,"4"
"TC_F3","",366.538,375.369,8.831,"4"
"TC_F3","",375.369,399.024,23.655,"3"
"TC_F3","",399.024,424.486,25.462,"3"
"TC_F3","",424.486,454.796,30.31,"5"
"TC_F3","",454.796,463.139,8.343,"3"
"TC_F3","",463.139,479.458,16.319,"4"
"TC_F3","",479.458,490.394,10.936,"4"
"TC_F3","",490.394,504.481,14.087,"5"
"TC_F3","",504.481,512.432,7.951,"4"
"TC_F3","",512.432,523.431,10.999,"2"
"TC_F3","",523.431,538.551,15.12,"5"
"TC_F3","",538.551,551.542,12.991,"3"
"TC_F3","",551.542,563.06,11.518,"2"
"TC_F3","",563.06,575.228,12.168,"1"
"TC_F3","",575.228,581.212,5.984,"4"
"TC_F3","",581.212,592.459,11.247,"4"
"TC_F3","",592.459,605.73,13.271,"4"
"TC_F3","",605.73,627.985,22.255,"6"
"TC_F3","",627.985,661.591,33.606,"5"
"TC_F3","",661.591,679.957,18.366,"6"
"TC_F3","",679.957,741.545,61.588,"6"
"TC_F3","",741.545,752.609,11.064,"4"
"TC_F3","",752.609,768.824,16.215,"4"
"TC_F3","",768.824,784.543,15.719,"3"
"TC_F3","",784.543,808.517,23.974,"5"
"TC_F3","",808.517,830.028,21.511,"5"
"TC_F3","",830.028,850.546,20.518,"4"
"TC_F3","",850.546,856.946,6.4,"4"
"TC_F3","",856.946,874.081,17.135,"4"
"TC_F3","",874.081,908.551,34.47,"5"
"TC_F3","",908.551,941.045,32.494,"3"
"TC_F3","",941.045,967.179,26.134,"3"
"TC_F3","",967.179,1041.614,74.435,"5"
"TC_F3","",1041.614,1050.27,8.656,"4"
"TC_F3","",1050.27,1059.845,9.575,"5"
"TC_F3","",1059.845,1079.604,19.759,"5"
"TC_F3","",1079.604,1096.915,17.311,"4"
"TC_F3","",1096.915,1120.217,23.302,"5"
"TC_F3","",1120.217,1129.417,9.2,"4"
"TC_F3","",1129.417,1135.48,6.063,"4"
"TC_F3","",1135.48,1154.783,19.303,"6"
"TC_F3","",1154.783,1179.293,24.51,"5"
"TC_F3","",1179.293,1230.73,51.437,"7"
"TC_F3","",1230.73,1298.398,67.668,"6"
"TC_F3","",1298.398,1321.18,22.782,"6"
"TC_F3","",1321.18,1374.297,53.117,"5"
"TC_F3","",1374.297,1475.042,100.745,"6"
"TC_F3","",1475.042,1484.754,9.712,"4"
"TC_F3","",1484.754,1497.025,12.271,"4"
"TC_F3","",1497.025,1504.216,7.191,"4"
"TC_F3","",1504.216,1513.256,9.04,"4"
"TC_F3","",1513.256,1523.335,10.079,"4"
"TC_F3","",1523.335,1548.19,24.855,"3"
"TC_F3","",1548.19,1556.717,8.527,"4"
"TC_F3","",1556.717,1574.844,18.127,"4"
"TC_F3","",1574.844,1582.779,7.935,"4"
"TC_F3","",1582.779,1589.243,6.464,"4"
"TC_F3","",1589.243,1596.339,7.096,"2"
"TC_F3","",1596.339,1615.121,18.782,"3"
"TC_F3","",1615.121,1640.768,25.647,"3"
"TC_F3","",1640.768,1651.127,10.359,"4"
"TC_F3","",1651.127,1697.98,46.853,"5"
"TC_F3","",1697.98,1705.94,7.96,"4"
"TC_F3","",1705.94,1722.89,16.95,"4"
"TC_F3","",1722.89,1737.634,14.744,"2"
"TC_F3","",1737.634,1748.577,10.943,"1"
"TC_F3","",1748.577,1757.344,8.767,"3"
"TC_F3","",1757.344,1764.384,7.04,"1"
"TC_F3","",1764.384,1779.535,15.151,"4"
"TC_F3_（自由記述）","",194.133,228.195,34.062,"ワンピースの面白いと思うのはどういうところですか"
"TC_F3_（自由記述）","",228.195,265.064,36.869,"何度も読み返したくなるほどなんですね"
"TC_F3_（自由記述）","",300.814,316.845,16.031,"アニメを見たことがあるんですね"
"TC_F3_（自由記述）","",605.73,627.985,22.255,"そのアーティストのどんなところが好きなんですか"
"TC_F3_（自由記述）","",661.591,679.957,18.366,"その２曲のどういうところがお勧めなんですか"
"TC_F3_（自由記述）","",679.957,741.545,61.588,"ドラマの主題歌だったんですね。ではどこかで耳にしたことがあるかもしれませんね。どちらの曲も歌詞がいいんですね、聞いてみたいです。"
"TC_F3_（自由記述）","",967.179,1041.614,74.435,"展開が早いスポーツはつい引き込まれてみてしまいそうですね"
"TC_F3_（自由記述）","",1059.845,1079.604,19.759,"是非見てみたいと思っている競技があるんですか"
"TC_F3_（自由記述）","",1135.48,1154.783,19.303,"どんなジャンルの本を良く読んでいるんですか"
"TC_F3_（自由記述）","",1179.293,1230.73,51.437,"全部持ってるとのことですが、シリーズ化されてるストーリーなんですか。"
"TC_F3_（自由記述）","",1298.398,1321.18,22.782,"シリーズ物は読み始めたら次が読みたくなりますものね、はまりますね。"
"TC_F4","",150.0,157.335,7.335,"4"
"TC_F4","",157.335,167.158,9.823,"5"
"TC_F4","",167.158,182.485,15.327,"5"
"TC_F4","",182.485,194.133,11.648,"6"
"TC_F4","",194.133,228.195,34.062,"6"
"TC_F4","",228.195,265.064,36.869,"6"
"TC_F4","",265.064,273.448,8.384,"3"
"TC_F4","",273.448,291.43,17.982,"2"
"TC_F4","",291.43,300.814,9.384,"1"
"TC_F4","",300.814,316.845,16.031,"5"
"TC_F4","",316.845,335.868,19.023,"3"
"TC_F4","",335.868,351.827,15.959,"1"
"TC_F4","",351.827,359.93,8.103,"1"
"TC_F4","",359.93,366.538,6.608,"4"
"TC_F4","",366.538,375.369,8.831,"2"
"TC_F4","",375.369,399.024,23.655,"1"
"TC_F4","",399.024,424.486,25.462,"1"
"TC_F4","",424.486,454.796,30.31,"2"
"TC_F4","",454.796,463.139,8.343,"1"
"TC_F4","",463.139,479.458,16.319,"1"
"TC_F4","",479.458,490.394,10.936,"1"
"TC_F4","",490.394,504.481,14.087,"2"
"TC_F4","",504.481,512.432,7.951,"1"
"TC_F4","",512.432,523.431,10.999,"1"
"TC_F4","",523.431,538.551,15.12,"3"
"TC_F4","",538.551,551.542,12.991,"1"
"TC_F4","",551.542,563.06,11.518,"1"
"TC_F4","",563.06,575.228,12.168,"1"
"TC_F4","",575.228,581.212,5.984,"4"
"TC_F4","",581.212,592.459,11.247,"5"
"TC_F4","",592.459,605.73,13.271,"5"
"TC_F4","",605.73,627.985,22.255,"5"
"TC_F4","",627.985,661.591,33.606,"5"
"TC_F4","",661.591,679.957,18.366,"5"
"TC_F4","",679.957,741.545,61.588,"5"
"TC_F4","",741.545,752.609,11.064,"2"
"TC_F4","",752.609,768.824,16.215,"5"
"TC_F4","",768.824,784.543,15.719,"1"
"TC_F4","",784.543,808.517,23.974,"1"
"TC_F4","",808.517,830.028,21.511,"3"
"TC_F4","",830.028,850.546,20.518,"1"
"TC_F4","",850.546,856.946,6.4,"4"
"TC_F4","",856.946,874.081,17.135,"5"
"TC_F4","",874.081,908.551,34.47,"3"
"TC_F4","",908.551,941.045,32.494,"2"
"TC_F4","",941.045,967.179,26.134,"2"
"TC_F4","",967.179,1041.614,74.435,"2"
"TC_F4","",1041.614,1050.27,8.656,"1"
"TC_F4","",1050.27,1059.845,9.575,"3"
"TC_F4","",1059.845,1079.604,19.759,"3"
"TC_F4","",1079.604,1096.915,17.311,"4"
"TC_F4","",1096.915,1120.217,23.302,"5"
"TC_F4","",1120.217,1129.417,9.2,"2"
"TC_F4","",1129.417,1135.48,6.063,"4"
"TC_F4","",1135.48,1154.783,19.303,"5"
"TC_F4","",1154.783,1179.293,24.51,"5"
"TC_F4","",1179.293,1230.73,51.437,"5"
"TC_F4","",1230.73,1298.398,67.668,"6"
"TC_F4","",1298.398,1321.18,22.782,"5"
"TC_F4","",1321.18,1374.297,53.117,"6"
"TC_F4","",1374.297,1475.042,100.745,"3"
"TC_F4","",1475.042,1484.754,9.712,"1"
"TC_F4","",1484.754,1497.025,12.271,"2"
"TC_F4","",1497.025,1504.216,7.191,"2"
"TC_F4","",1504.216,1513.256,9.04,"1"
"TC_F4","",1513.256,1523.335,10.079,"1"
"TC_F4","",1523.335,1548.19,24.855,"3"
"TC_F4","",1548.19,1556.717,8.527,"1"
"TC_F4","",1556.717,1574.844,18.127,"2"
"TC_F4","",1574.844,1582.779,7.935,"1"
"TC_F4","",1582.779,1589.243,6.464,"4"
"TC_F4","",1589.243,1596.339,7.096,"2"
"TC_F4","",1596.339,1615.121,18.782,"1"
"TC_F4","",1615.121,1640.768,25.647,"1"
"TC_F4","",1640.768,1651.127,10.359,"1"
"TC_F4","",1651.127,1697.98,46.853,"3"
"TC_F4","",1697.98,1705.94,7.96,"1"
"TC_F4","",1705.94,1722.89,16.95,"1"
"TC_F4","",1722.89,1737.634,14.744,"1"
"TC_F4","",1737.634,1748.577,10.943,"1"
"TC_F4","",1748.577,1757.344,8.767,"1"
"TC_F4","",1757.344,1764.384,7.04,"1"
"TC_F4","",1764.384,1779.535,15.151,"1"
"TC_F4_（自由記述）","",167.158,182.485,15.327,"漫画とアニメのどちらが好きですか？"
"TC_F4_（自由記述）","",228.195,265.064,36.869,"面白そうですね。結構前から読んでいるんですか？"
"TC_F4_（自由記述）","",592.459,605.73,13.271,"どういった音楽が好きですか？"
"TC_F4_（自由記述）","",661.591,679.957,18.366,"おすすめの曲のタイトルを教えて下さい。"
"TC_F4_（自由記述）","",679.957,741.545,61.588,"そうなんですね。聴いた事がないので今度聴いてみます。"
"TC_F5","",150.0,157.335,7.335,"4"
"TC_F5","",157.335,167.158,9.823,"5"
"TC_F5","",167.158,182.485,15.327,"6"
"TC_F5","",182.485,194.133,11.648,"7"
"TC_F5","",194.133,228.195,34.062,"5"
"TC_F5","",228.195,265.064,36.869,"4"
"TC_F5","",265.064,273.448,8.384,"3"
"TC_F5","",273.448,291.43,17.982,"1"
"TC_F5","",291.43,300.814,9.384,"3"
"TC_F5","",300.814,316.845,16.031,"6"
"TC_F5","",316.845,335.868,19.023,"6"
"TC_F5","",335.868,351.827,15.959,"1"
"TC_F5","",351.827,359.93,8.103,"1"
"TC_F5","",359.93,366.538,6.608,"4"
"TC_F5","",366.538,375.369,8.831,"4"
"TC_F5","",375.369,399.024,23.655,"2"
"TC_F5","",399.024,424.486,25.462,"1"
"TC_F5","",424.486,454.796,30.31,"4"
"TC_F5","",454.796,463.139,8.343,"1"
"TC_F5","",463.139,479.458,16.319,"2"
"TC_F5","",479.458,490.394,10.936,"2"
"TC_F5","",490.394,504.481,14.087,"5"
"TC_F5","",504.481,512.432,7.951,"3"
"TC_F5","",512.432,523.431,10.999,"2"
"TC_F5","",523.431,538.551,15.12,"6"
"TC_F5","",538.551,551.542,12.991,"1"
"TC_F5","",551.542,563.06,11.518,"1"
"TC_F5","",563.06,575.228,12.168,"1"
"TC_F5","",575.228,581.212,5.984,"4"
"TC_F5","",581.212,592.459,11.247,"6"
"TC_F5","",592.459,605.73,13.271,"6"
"TC_F5","",605.73,627.985,22.255,"6"
"TC_F5","",627.985,661.591,33.606,"5"
"TC_F5","",661.591,679.957,18.366,"6"
"TC_F5","",679.957,741.545,61.588,"4"
"TC_F5","",741.545,752.609,11.064,"1"
"TC_F5","",752.609,768.824,16.215,"4"
"TC_F5","",768.824,784.543,15.719,"2"
"TC_F5","",784.543,808.517,23.974,"3"
"TC_F5","",808.517,830.028,21.511,"4"
"TC_F5","",830.028,850.546,20.518,"1"
"TC_F5","",850.546,856.946,6.4,"4"
"TC_F5","",856.946,874.081,17.135,"5"
"TC_F5","",874.081,908.551,34.47,"2"
"TC_F5","",908.551,941.045,32.494,"5"
"TC_F5","",941.045,967.179,26.134,"5"
"TC_F5","",967.179,1041.614,74.435,"5"
"TC_F5","",1041.614,1050.27,8.656,"2"
"TC_F5","",1050.27,1059.845,9.575,"4"
"TC_F5","",1059.845,1079.604,19.759,"5"
"TC_F5","",1079.604,1096.915,17.311,"4"
"TC_F5","",1096.915,1120.217,23.302,"4"
"TC_F5","",1120.217,1129.417,9.2,"1"
"TC_F5","",1129.417,1135.48,6.063,"4"
"TC_F5","",1135.48,1154.783,19.303,"6"
"TC_F5","",1154.783,1179.293,24.51,"6"
"TC_F5","",1179.293,1230.73,51.437,"6"
"TC_F5","",1230.73,1298.398,67.668,"6"
"TC_F5","",1298.398,1321.18,22.782,"6"
"TC_F5","",1321.18,1374.297,53.117,"5"
"TC_F5","",1374.297,1475.042,100.745,"4"
"TC_F5","",1475.042,1484.754,9.712,"2"
"TC_F5","",1484.754,1497.025,12.271,"4"
"TC_F5","",1497.025,1504.216,7.191,"4"
"TC_F5","",1504.216,1513.256,9.04,"2"
"TC_F5","",1513.256,1523.335,10.079,"1"
"TC_F5","",1523.335,1548.19,24.855,"3"
"TC_F5","",1548.19,1556.717,8.527,"2"
"TC_F5","",1556.717,1574.844,18.127,"2"
"TC_F5","",1574.844,1582.779,7.935,"1"
"TC_F5","",1582.779,1589.243,6.464,"4"
"TC_F5","",1589.243,1596.339,7.096,"3"
"TC_F5","",1596.339,1615.121,18.782,"2"
"TC_F5","",1615.121,1640.768,25.647,"1"
"TC_F5","",1640.768,1651.127,10.359,"1"
"TC_F5","",1651.127,1697.98,46.853,"4"
"TC_F5","",1697.98,1705.94,7.96,"1"
"TC_F5","",1705.94,1722.89,16.95,"1"
"TC_F5","",1722.89,1737.634,14.744,"1"
"TC_F5","",1737.634,1748.577,10.943,"1"
"TC_F5","",1748.577,1757.344,8.767,"1"
"TC_F5","",1757.344,1764.384,7.04,"1"
"TC_F5","",1764.384,1779.535,15.151,"1"
"TC_F5_（自由記述）","",167.158,182.485,15.327,"好きな漫画は何ですか？"
"TC_F5_（自由記述）","",182.485,194.133,11.648,"ワンピースのキャラではだれが一番好きですか？"
"TC_F5_（自由記述）","",523.431,538.551,15.12,"先ほどおっしゃっていた最後の晩餐はダビンチも描いていますから、ダビンチの作品だったかもしれないですね。"
"TC_F5_（自由記述）","",581.212,592.459,11.247,"どんな音楽を聴いていますか？"
"TC_F5_（自由記述）","",592.459,605.73,13.271,"好きなアーティストはいますか？"
"TC_F5_（自由記述）","",605.73,627.985,22.255,"その人たちのどんなところがお勧めですか？"
"TC_F5_（自由記述）","",627.985,661.591,33.606,"そうなんですね。一度聴いてみたいと思います。"
"TC_F5_（自由記述）","",908.551,941.045,32.494,"応援している選手はいますか？"
"TC_F5_（自由記述）","",941.045,967.179,26.134,"オリンピックは楽しみですね。"
"TC_F5_（自由記述）","",1059.845,1079.604,19.759,"バドミントンかバレーボールのチケットがもらえるとしたら、どっちに行ってみたいですか？"
"TC_F5_（自由記述）","",1135.48,1154.783,19.303,"どんな本を読みますか？"
"TC_F5_（自由記述）","",1179.293,1230.73,51.437,"有川浩さんですね。阪急電車は読んだことがありますが、他にお勧めの作品はありますか？"
"TC_F5_（自由記述）","",1298.398,1321.18,22.782,"それはどんなストーリーですか？"
"Int_HRI-i","",150.0,157.335,7.335,"t"
"Int_HRI-i","",157.335,167.158,9.823,"o"
"Int_HRI-i","",167.158,182.485,15.327,"o"
"Int_HRI-i","",182.485,194.133,11.648,"o"
"Int_HRI-i","",194.133,228.195,34.062,"o"
"Int_HRI-i","",228.195,265.064,36.869,"o"
"Int_HRI-i","",265.064,273.448,8.384,"o"
"Int_HRI-i","",273.448,291.43,17.982,"x"
"Int_HRI-i","",291.43,300.814,9.384,"x"
"Int_HRI-i","",300.814,316.845,16.031,"o"
"Int_HRI-i","",316.845,335.868,19.023,"o"
"Int_HRI-i","",335.868,351.827,15.959,"x"
"Int_HRI-i","",351.827,359.93,8.103,"x"
"Int_HRI-i","",359.93,366.538,6.608,"t"
"Int_HRI-i","",366.538,375.369,8.831,"x"
"Int_HRI-i","",375.369,399.024,23.655,"x"
"Int_HRI-i","",399.024,424.486,25.462,"x"
"Int_HRI-i","",424.486,454.796,30.31,"x"
"Int_HRI-i","",454.796,463.139,8.343,"x"
"Int_HRI-i","",463.139,479.458,16.319,"x"
"Int_HRI-i","",479.458,490.394,10.936,"x"
"Int_HRI-i","",490.394,504.481,14.087,"x"
"Int_HRI-i","",504.481,512.432,7.951,"x"
"Int_HRI-i","",512.432,523.431,10.999,"x"
"Int_HRI-i","",523.431,538.551,15.12,"x"
"Int_HRI-i","",538.551,551.542,12.991,"x"
"Int_HRI-i","",551.542,563.06,11.518,"x"
"Int_HRI-i","",563.06,575.228,12.168,"x"
"Int_HRI-i","",575.228,581.212,5.984,"t"
"Int_HRI-i","",581.212,592.459,11.247,"o"
"Int_HRI-i","",592.459,605.73,13.271,"o"
"Int_HRI-i","",605.73,627.985,22.255,"o"
"Int_HRI-i","",627.985,661.591,33.606,"o"
"Int_HRI-i","",661.591,679.957,18.366,"o"
"Int_HRI-i","",679.957,741.545,61.588,"o"
"Int_HRI-i","",741.545,752.609,11.064,"x"
"Int_HRI-i","",752.609,768.824,16.215,"x"
"Int_HRI-i","",768.824,784.543,15.719,"x"
"Int_HRI-i","",784.543,808.517,23.974,"x"
"Int_HRI-i","",808.517,830.028,21.511,"o"
"Int_HRI-i","",830.028,850.546,20.518,"x"
"Int_HRI-i","",850.546,856.946,6.4,"t"
"Int_HRI-i","",856.946,874.081,17.135,"o"
"Int_HRI-i","",874.081,908.551,34.47,"x"
"Int_HRI-i","",908.551,941.045,32.494,"x"
"Int_HRI-i","",941.045,967.179,26.134,"x"
"Int_HRI-i","",967.179,1041.614,74.435,"o"
"Int_HRI-i","",1041.614,1050.27,8.656,"x"
"Int_HRI-i","",1050.27,1059.845,9.575,"x"
"Int_HRI-i","",1059.845,1079.604,19.759,"x"
"Int_HRI-i","",1079.604,1096.915,17.311,"o"
"Int_HRI-i","",1096.915,1120.217,23.302,"x"
"Int_HRI-i","",1120.217,1129.417,9.2,"x"
"Int_HRI-i","",1129.417,1135.48,6.063,"t"
"Int_HRI-i","",1135.48,1154.783,19.303,"x"
"Int_HRI-i","",1154.783,1179.293,24.51,"o"
"Int_HRI-i","",1179.293,1230.73,51.437,"o"
"Int_HRI-i","",1230.73,1298.398,67.668,"o"
"Int_HRI-i","",1298.398,1321.18,22.782,"o"
"Int_HRI-i","",1321.18,1374.297,53.117,"o"
"Int_HRI-i","",1374.297,1475.042,100.745,"o"
"Int_HRI-i","",1475.042,1484.754,9.712,"x"
"Int_HRI-i","",1484.754,1497.025,12.271,"x"
"Int_HRI-i","",1497.025,1504.216,7.191,"x"
"Int_HRI-i","",1504.216,1513.256,9.04,"x"
"Int_HRI-i","",1513.256,1523.335,10.079,"x"
"Int_HRI-i","",1523.335,1548.19,24.855,"x"
"Int_HRI-i","",1548.19,1556.717,8.527,"x"
"Int_HRI-i","",1556.717,1574.844,18.127,"x"
"Int_HRI-i","",1574.844,1582.779,7.935,"x"
"Int_HRI-i","",1582.779,1589.243,6.464,"t"
"Int_HRI-i","",1589.243,1596.339,7.096,"x"
"Int_HRI-i","",1596.339,1615.121,18.782,"x"
"Int_HRI-i","",1615.121,1640.768,25.647,"x"
"Int_HRI-i","",1640.768,1651.127,10.359,"x"
"Int_HRI-i","",1651.127,1697.98,46.853,"o"
"Int_HRI-i","",1697.98,1705.94,7.96,"x"
"Int_HRI-i","",1705.94,1722.89,16.95,"x"
"Int_HRI-i","",1722.89,1737.634,14.744,"x"
"Int_HRI-i","",1737.634,1748.577,10.943,"x"
"Int_HRI-i","",1748.577,1757.344,8.767,"x"
"Int_HRI-i","",1757.344,1764.384,7.04,"x"
"Int_HRI-i","",1764.384,1779.535,15.151,"x"
"Int_HRI-n","",150.0,157.335,7.335,"t"
"Int_HRI-n","",157.335,167.158,9.823,"t"
"Int_HRI-n","",167.158,182.485,15.327,"t"
"Int_HRI-n","",182.485,194.133,11.648,"o"
"Int_HRI-n","",194.133,228.195,34.062,"o"
"Int_HRI-n","",228.195,265.064,36.869,"o"
"Int_HRI-n","",265.064,273.448,8.384,"o"
"Int_HRI-n","",273.448,291.43,17.982,"x"
"Int_HRI-n","",291.43,300.814,9.384,"x"
"Int_HRI-n","",300.814,316.845,16.031,"o"
"Int_HRI-n","",316.845,335.868,19.023,"o"
"Int_HRI-n","",335.868,351.827,15.959,"x"
"Int_HRI-n","",351.827,359.93,8.103,"x"
"Int_HRI-n","",359.93,366.538,6.608,"t"
"Int_HRI-n","",366.538,375.369,8.831,"x"
"Int_HRI-n","",375.369,399.024,23.655,"x"
"Int_HRI-n","",399.024,424.486,25.462,"x"
"Int_HRI-n","",424.486,454.796,30.31,"x"
"Int_HRI-n","",454.796,463.139,8.343,"x"
"Int_HRI-n","",463.139,479.458,16.319,"x"
"Int_HRI-n","",479.458,490.394,10.936,"x"
"Int_HRI-n","",490.394,504.481,14.087,"x"
"Int_HRI-n","",504.481,512.432,7.951,"x"
"Int_HRI-n","",512.432,523.431,10.999,"x"
"Int_HRI-n","",523.431,538.551,15.12,"x"
"Int_HRI-n","",538.551,551.542,12.991,"x"
"Int_HRI-n","",551.542,563.06,11.518,"x"
"Int_HRI-n","",563.06,575.228,12.168,"x"
"Int_HRI-n","",575.228,581.212,5.984,"t"
"Int_HRI-n","",581.212,592.459,11.247,"o"
"Int_HRI-n","",592.459,605.73,13.271,"t"
"Int_HRI-n","",605.73,627.985,22.255,"o"
"Int_HRI-n","",627.985,661.591,33.606,"o"
"Int_HRI-n","",661.591,679.957,18.366,"o"
"Int_HRI-n","",679.957,741.545,61.588,"o"
"Int_HRI-n","",741.545,752.609,11.064,"x"
"Int_HRI-n","",752.609,768.824,16.215,"o"
"Int_HRI-n","",768.824,784.543,15.719,"x"
"Int_HRI-n","",784.543,808.517,23.974,"o"
"Int_HRI-n","",808.517,830.028,21.511,"o"
"Int_HRI-n","",830.028,850.546,20.518,"x"
"Int_HRI-n","",850.546,856.946,6.4,"t"
"Int_HRI-n","",856.946,874.081,17.135,"o"
"Int_HRI-n","",874.081,908.551,34.47,"o"
"Int_HRI-n","",908.551,941.045,32.494,"o"
"Int_HRI-n","",941.045,967.179,26.134,"o"
"Int_HRI-n","",967.179,1041.614,74.435,"o"
"Int_HRI-n","",1041.614,1050.27,8.656,"x"
"Int_HRI-n","",1050.27,1059.845,9.575,"o"
"Int_HRI-n","",1059.845,1079.604,19.759,"o"
"Int_HRI-n","",1079.604,1096.915,17.311,"o"
"Int_HRI-n","",1096.915,1120.217,23.302,"o"
"Int_HRI-n","",1120.217,1129.417,9.2,"x"
"Int_HRI-n","",1129.417,1135.48,6.063,"t"
"Int_HRI-n","",1135.48,1154.783,19.303,"o"
"Int_HRI-n","",1154.783,1179.293,24.51,"o"
"Int_HRI-n","",1179.293,1230.73,51.437,"o"
"Int_HRI-n","",1230.73,1298.398,67.668,"o"
"Int_HRI-n","",1298.398,1321.18,22.782,"o"
"Int_HRI-n","",1321.18,1374.297,53.117,"o"
"Int_HRI-n","",1374.297,1475.042,100.745,"o"
"Int_HRI-n","",1475.042,1484.754,9.712,"x"
"Int_HRI-n","",1484.754,1497.025,12.271,"x"
"Int_HRI-n","",1497.025,1504.216,7.191,"x"
"Int_HRI-n","",1504.216,1513.256,9.04,"x"
"Int_HRI-n","",1513.256,1523.335,10.079,"x"
"Int_HRI-n","",1523.335,1548.19,24.855,"o"
"Int_HRI-n","",1548.19,1556.717,8.527,"x"
"Int_HRI-n","",1556.717,1574.844,18.127,"x"
"Int_HRI-n","",1574.844,1582.779,7.935,"x"
"Int_HRI-n","",1582.779,1589.243,6.464,"t"
"Int_HRI-n","",1589.243,1596.339,7.096,"x"
"Int_HRI-n","",1596.339,1615.121,18.782,"x"
"Int_HRI-n","",1615.121,1640.768,25.647,"x"
"Int_HRI-n","",1640.768,1651.127,10.359,"x"
"Int_HRI-n","",1651.127,1697.98,46.853,"x"
"Int_HRI-n","",1697.98,1705.94,7.96,"x"
"Int_HRI-n","",1705.94,1722.89,16.95,"x"
"Int_HRI-n","",1722.89,1737.634,14.744,"x"
"Int_HRI-n","",1737.634,1748.577,10.943,"x"
"Int_HRI-n","",1748.577,1757.344,8.767,"x"
"Int_HRI-n","",1757.344,1764.384,7.04,"x"
"Int_HRI-n","",1764.384,1779.535,15.151,"x"
"Int_KIT","",150.0,157.335,7.335,"t"
"Int_KIT","",157.335,167.158,9.823,"x"
"Int_KIT","",167.158,182.485,15.327,"o"
"Int_KIT","",182.485,194.133,11.648,"o"
"Int_KIT","",194.133,228.195,34.062,"o"
"Int_KIT","",228.195,265.064,36.869,"o"
"Int_KIT","",265.064,273.448,8.384,"o"
"Int_KIT","",273.448,291.43,17.982,"x"
"Int_KIT","",291.43,300.814,9.384,"x"
"Int_KIT","",300.814,316.845,16.031,"o"
"Int_KIT","",316.845,335.868,19.023,"o"
"Int_KIT","",335.868,351.827,15.959,"x"
"Int_KIT","",351.827,359.93,8.103,"o"
"Int_KIT","",359.93,366.538,6.608,"t"
"Int_KIT","",366.538,375.369,8.831,"o"
"Int_KIT","",375.369,399.024,23.655,"x"
"Int_KIT","",399.024,424.486,25.462,"x"
"Int_KIT","",424.486,454.796,30.31,"x"
"Int_KIT","",454.796,463.139,8.343,"x"
"Int_KIT","",463.139,479.458,16.319,"x"
"Int_KIT","",479.458,490.394,10.936,"x"
"Int_KIT","",490.394,504.481,14.087,"x"
"Int_KIT","",504.481,512.432,7.951,"x"
"Int_KIT","",512.432,523.431,10.999,"x"
"Int_KIT","",523.431,538.551,15.12,"o"
"Int_KIT","",538.551,551.542,12.991,"o"
"Int_KIT","",551.542,563.06,11.518,"x"
"Int_KIT","",563.06,575.228,12.168,"x"
"Int_KIT","",575.228,581.212,5.984,"t"
"Int_KIT","",581.212,592.459,11.247,"x"
"Int_KIT","",592.459,605.73,13.271,"x"
"Int_KIT","",605.73,627.985,22.255,"o"
"Int_KIT","",627.985,661.591,33.606,"o"
"Int_KIT","",661.591,679.957,18.366,"o"
"Int_KIT","",679.957,741.545,61.588,"x"
"Int_KIT","",741.545,752.609,11.064,"x"
"Int_KIT","",752.609,768.824,16.215,"o"
"Int_KIT","",768.824,784.543,15.719,"x"
"Int_KIT","",784.543,808.517,23.974,"o"
"Int_KIT","",808.517,830.028,21.511,"o"
"Int_KIT","",830.028,850.546,20.518,"x"
"Int_KIT","",850.546,856.946,6.4,"t"
"Int_KIT","",856.946,874.081,17.135,"x"
"Int_KIT","",874.081,908.551,34.47,"x"
"Int_KIT","",908.551,941.045,32.494,"x"
"Int_KIT","",941.045,967.179,26.134,"x"
"Int_KIT","",967.179,1041.614,74.435,"o"
"Int_KIT","",1041.614,1050.27,8.656,"x"
"Int_KIT","",1050.27,1059.845,9.575,"o"
"Int_KIT","",1059.845,1079.604,19.759,"o"
"Int_KIT","",1079.604,1096.915,17.311,"o"
"Int_KIT","",1096.915,1120.217,23.302,"o"
"Int_KIT","",1120.217,1129.417,9.2,"x"
"Int_KIT","",1129.417,1135.48,6.063,"t"
"Int_KIT","",1135.48,1154.783,19.303,"o"
"Int_KIT","",1154.783,1179.293,24.51,"o"
"Int_KIT","",1179.293,1230.73,51.437,"o"
"Int_KIT","",1230.73,1298.398,67.668,"o"
"Int_KIT","",1298.398,1321.18,22.782,"o"
"Int_KIT","",1321.18,1374.297,53.117,"o"
"Int_KIT","",1374.297,1475.042,100.745,"o"
"Int_KIT","",1475.042,1484.754,9.712,"x"
"Int_KIT","",1484.754,1497.025,12.271,"x"
"Int_KIT","",1497.025,1504.216,7.191,"x"
"Int_KIT","",1504.216,1513.256,9.04,"x"
"Int_KIT","",1513.256,1523.335,10.079,"x"
"Int_KIT","",1523.335,1548.19,24.855,"o"
"Int_KIT","",1548.19,1556.717,8.527,"x"
"Int_KIT","",1556.717,1574.844,18.127,"o"
"Int_KIT","",1574.844,1582.779,7.935,"x"
"Int_KIT","",1582.779,1589.243,6.464,"t"
"Int_KIT","",1589.243,1596.339,7.096,"x"
"Int_KIT","",1596.339,1615.121,18.782,"x"
"Int_KIT","",1615.121,1640.768,25.647,"x"
"Int_KIT","",1640.768,1651.127,10.359,"x"
"Int_KIT","",1651.127,1697.98,46.853,"o"
"Int_KIT","",1697.98,1705.94,7.96,"x"
"Int_KIT","",1705.94,1722.89,16.95,"x"
"Int_KIT","",1722.89,1737.634,14.744,"x"
"Int_KIT","",1737.634,1748.577,10.943,"x"
"Int_KIT","",1748.577,1757.344,8.767,"x"
"Int_KIT","",1757.344,1764.384,7.04,"x"
"Int_KIT","",1764.384,1779.535,15.151,"x"
"Int_OSA-k","",150.0,157.335,7.335,"t"
"Int_OSA-k","",157.335,167.158,9.823,"o"
"Int_OSA-k","",167.158,182.485,15.327,"o"
"Int_OSA-k","",182.485,194.133,11.648,"o"
"Int_OSA-k","",194.133,228.195,34.062,"o"
"Int_OSA-k","",228.195,265.064,36.869,"o"
"Int_OSA-k","",265.064,273.448,8.384,"o"
"Int_OSA-k","",273.448,291.43,17.982,"t"
"Int_OSA-k","",291.43,300.814,9.384,"t"
"Int_OSA-k","",300.814,316.845,16.031,"o"
"Int_OSA-k","",316.845,335.868,19.023,"o"
"Int_OSA-k","",335.868,351.827,15.959,"t"
"Int_OSA-k","",351.827,359.93,8.103,"t"
"Int_OSA-k","",359.93,366.538,6.608,"t"
"Int_OSA-k","",366.538,375.369,8.831,"x"
"Int_OSA-k","",375.369,399.024,23.655,"x"
"Int_OSA-k","",399.024,424.486,25.462,"x"
"Int_OSA-k","",424.486,454.796,30.31,"t"
"Int_OSA-k","",454.796,463.139,8.343,"t"
"Int_OSA-k","",463.139,479.458,16.319,"x"
"Int_OSA-k","",479.458,490.394,10.936,"x"
"Int_OSA-k","",490.394,504.481,14.087,"o"
"Int_OSA-k","",504.481,512.432,7.951,"t"
"Int_OSA-k","",512.432,523.431,10.999,"t"
"Int_OSA-k","",523.431,538.551,15.12,"x"
"Int_OSA-k","",538.551,551.542,12.991,"x"
"Int_OSA-k","",551.542,563.06,11.518,"x"
"Int_OSA-k","",563.06,575.228,12.168,"x"
"Int_OSA-k","",575.228,581.212,5.984,"t"
"Int_OSA-k","",581.212,592.459,11.247,"o"
"Int_OSA-k","",592.459,605.73,13.271,"o"
"Int_OSA-k","",605.73,627.985,22.255,"o"
"Int_OSA-k","",627.985,661.591,33.606,"o"
"Int_OSA-k","",661.591,679.957,18.366,"o"
"Int_OSA-k","",679.957,741.545,61.588,"o"
"Int_OSA-k","",741.545,752.609,11.064,"t"
"Int_OSA-k","",752.609,768.824,16.215,"t"
"Int_OSA-k","",768.824,784.543,15.719,"o"
"Int_OSA-k","",784.543,808.517,23.974,"t"
"Int_OSA-k","",808.517,830.028,21.511,"o"
"Int_OSA-k","",830.028,850.546,20.518,"t"
"Int_OSA-k","",850.546,856.946,6.4,"t"
"Int_OSA-k","",856.946,874.081,17.135,"o"
"Int_OSA-k","",874.081,908.551,34.47,"o"
"Int_OSA-k","",908.551,941.045,32.494,"o"
"Int_OSA-k","",941.045,967.179,26.134,"o"
"Int_OSA-k","",967.179,1041.614,74.435,"o"
"Int_OSA-k","",1041.614,1050.27,8.656,"t"
"Int_OSA-k","",1050.27,1059.845,9.575,"o"
"Int_OSA-k","",1059.845,1079.604,19.759,"o"
"Int_OSA-k","",1079.604,1096.915,17.311,"o"
"Int_OSA-k","",1096.915,1120.217,23.302,"o"
"Int_OSA-k","",1120.217,1129.417,9.2,"t"
"Int_OSA-k","",1129.417,1135.48,6.063,"t"
"Int_OSA-k","",1135.48,1154.783,19.303,"o"
"Int_OSA-k","",1154.783,1179.293,24.51,"o"
"Int_OSA-k","",1179.293,1230.73,51.437,"o"
"Int_OSA-k","",1230.73,1298.398,67.668,"o"
"Int_OSA-k","",1298.398,1321.18,22.782,"o"
"Int_OSA-k","",1321.18,1374.297,53.117,"o"
"Int_OSA-k","",1374.297,1475.042,100.745,"o"
"Int_OSA-k","",1475.042,1484.754,9.712,"x"
"Int_OSA-k","",1484.754,1497.025,12.271,"x"
"Int_OSA-k","",1497.025,1504.216,7.191,"t"
"Int_OSA-k","",1504.216,1513.256,9.04,"x"
"Int_OSA-k","",1513.256,1523.335,10.079,"x"
"Int_OSA-k","",1523.335,1548.19,24.855,"o"
"Int_OSA-k","",1548.19,1556.717,8.527,"t"
"Int_OSA-k","",1556.717,1574.844,18.127,"o"
"Int_OSA-k","",1574.844,1582.779,7.935,"x"
"Int_OSA-k","",1582.779,1589.243,6.464,"x"
"Int_OSA-k","",1589.243,1596.339,7.096,"x"
"Int_OSA-k","",1596.339,1615.121,18.782,"x"
"Int_OSA-k","",1615.121,1640.768,25.647,"x"
"Int_OSA-k","",1640.768,1651.127,10.359,"x"
"Int_OSA-k","",1651.127,1697.98,46.853,"o"
"Int_OSA-k","",1697.98,1705.94,7.96,"x"
"Int_OSA-k","",1705.94,1722.89,16.95,"x"
"Int_OSA-k","",1722.89,1737.634,14.744,"x"
"Int_OSA-k","",1737.634,1748.577,10.943,"x"
"Int_OSA-k","",1748.577,1757.344,8.767,"x"
"Int_OSA-k","",1757.344,1764.384,7.04,"x"
"Int_OSA-k","",1764.384,1779.535,15.151,"x"
"Int_OSA-n","",150.0,157.335,7.335,"t"
"Int_OSA-n","",157.335,167.158,9.823,"o"
"Int_OSA-n","",167.158,182.485,15.327,"o"
"Int_OSA-n","",182.485,194.133,11.648,"o"
"Int_OSA-n","",194.133,228.195,34.062,"o"
"Int_OSA-n","",228.195,265.064,36.869,"o"
"Int_OSA-n","",265.064,273.448,8.384,"x"
"Int_OSA-n","",273.448,291.43,17.982,"x"
"Int_OSA-n","",291.43,300.814,9.384,"x"
"Int_OSA-n","",300.814,316.845,16.031,"o"
"Int_OSA-n","",316.845,335.868,19.023,"o"
"Int_OSA-n","",335.868,351.827,15.959,"x"
"Int_OSA-n","",351.827,359.93,8.103,"x"
"Int_OSA-n","",359.93,366.538,6.608,"t"
"Int_OSA-n","",366.538,375.369,8.831,"x"
"Int_OSA-n","",375.369,399.024,23.655,"x"
"Int_OSA-n","",399.024,424.486,25.462,"x"
"Int_OSA-n","",424.486,454.796,30.31,"o"
"Int_OSA-n","",454.796,463.139,8.343,"x"
"Int_OSA-n","",463.139,479.458,16.319,"x"
"Int_OSA-n","",479.458,490.394,10.936,"x"
"Int_OSA-n","",490.394,504.481,14.087,"o"
"Int_OSA-n","",504.481,512.432,7.951,"x"
"Int_OSA-n","",512.432,523.431,10.999,"x"
"Int_OSA-n","",523.431,538.551,15.12,"o"
"Int_OSA-n","",538.551,551.542,12.991,"x"
"Int_OSA-n","",551.542,563.06,11.518,"x"
"Int_OSA-n","",563.06,575.228,12.168,"x"
"Int_OSA-n","",575.228,581.212,5.984,"t"
"Int_OSA-n","",581.212,592.459,11.247,"o"
"Int_OSA-n","",592.459,605.73,13.271,"t"
"Int_OSA-n","",605.73,627.985,22.255,"o"
"Int_OSA-n","",627.985,661.591,33.606,"o"
"Int_OSA-n","",661.591,679.957,18.366,"o"
"Int_OSA-n","",679.957,741.545,61.588,"o"
"Int_OSA-n","",741.545,752.609,11.064,"x"
"Int_OSA-n","",752.609,768.824,16.215,"o"
"Int_OSA-n","",768.824,784.543,15.719,"x"
"Int_OSA-n","",784.543,808.517,23.974,"o"
"Int_OSA-n","",808.517,830.028,21.511,"o"
"Int_OSA-n","",830.028,850.546,20.518,"x"
"Int_OSA-n","",850.546,856.946,6.4,"t"
"Int_OSA-n","",856.946,874.081,17.135,"o"
"Int_OSA-n","",874.081,908.551,34.47,"o"
"Int_OSA-n","",908.551,941.045,32.494,"t"
"Int_OSA-n","",941.045,967.179,26.134,"o"
"Int_OSA-n","",967.179,1041.614,74.435,"o"
"Int_OSA-n","",1041.614,1050.27,8.656,"x"
"Int_OSA-n","",1050.27,1059.845,9.575,"x"
"Int_OSA-n","",1059.845,1079.604,19.759,"o"
"Int_OSA-n","",1079.604,1096.915,17.311,"o"
"Int_OSA-n","",1096.915,1120.217,23.302,"o"
"Int_OSA-n","",1120.217,1129.417,9.2,"x"
"Int_OSA-n","",1129.417,1135.48,6.063,"t"
"Int_OSA-n","",1135.48,1154.783,19.303,"o"
"Int_OSA-n","",1154.783,1179.293,24.51,"o"
"Int_OSA-n","",1179.293,1230.73,51.437,"o"
"Int_OSA-n","",1230.73,1298.398,67.668,"o"
"Int_OSA-n","",1298.398,1321.18,22.782,"o"
"Int_OSA-n","",1321.18,1374.297,53.117,"o"
"Int_OSA-n","",1374.297,1475.042,100.745,"o"
"Int_OSA-n","",1475.042,1484.754,9.712,"x"
"Int_OSA-n","",1484.754,1497.025,12.271,"x"
"Int_OSA-n","",1497.025,1504.216,7.191,"o"
"Int_OSA-n","",1504.216,1513.256,9.04,"x"
"Int_OSA-n","",1513.256,1523.335,10.079,"x"
"Int_OSA-n","",1523.335,1548.19,24.855,"o"
"Int_OSA-n","",1548.19,1556.717,8.527,"o"
"Int_OSA-n","",1556.717,1574.844,18.127,"o"
"Int_OSA-n","",1574.844,1582.779,7.935,"x"
"Int_OSA-n","",1582.779,1589.243,6.464,"t"
"Int_OSA-n","",1589.243,1596.339,7.096,"x"
"Int_OSA-n","",1596.339,1615.121,18.782,"x"
"Int_OSA-n","",1615.121,1640.768,25.647,"x"
"Int_OSA-n","",1640.768,1651.127,10.359,"o"
"Int_OSA-n","",1651.127,1697.98,46.853,"o"
"Int_OSA-n","",1697.98,1705.94,7.96,"x"
"Int_OSA-n","",1705.94,1722.89,16.95,"x"
"Int_OSA-n","",1722.89,1737.634,14.744,"x"
"Int_OSA-n","",1737.634,1748.577,10.943,"x"
"Int_OSA-n","",1748.577,1757.344,8.767,"x"
"Int_OSA-n","",1757.344,1764.384,7.04,"x"
"Int_OSA-n","",1764.384,1779.535,15.151,"x"
"Int_TOH","",150.0,157.335,7.335,"t"
"Int_TOH","",157.335,167.158,9.823,"t"
"Int_TOH","",167.158,182.485,15.327,"o"
"Int_TOH","",182.485,194.133,11.648,"o"
"Int_TOH","",194.133,228.195,34.062,"o"
"Int_TOH","",228.195,265.064,36.869,"o"
"Int_TOH","",265.064,273.448,8.384,"t"
"Int_TOH","",273.448,291.43,17.982,"x"
"Int_TOH","",291.43,300.814,9.384,"x"
"Int_TOH","",300.814,316.845,16.031,"o"
"Int_TOH","",316.845,335.868,19.023,"o"
"Int_TOH","",335.868,351.827,15.959,"x"
"Int_TOH","",351.827,359.93,8.103,"t"
"Int_TOH","",359.93,366.538,6.608,"t"
"Int_TOH","",366.538,375.369,8.831,"x"
"Int_TOH","",375.369,399.024,23.655,"x"
"Int_TOH","",399.024,424.486,25.462,"x"
"Int_TOH","",424.486,454.796,30.31,"x"
"Int_TOH","",454.796,463.139,8.343,"x"
"Int_TOH","",463.139,479.458,16.319,"x"
"Int_TOH","",479.458,490.394,10.936,"x"
"Int_TOH","",490.394,504.481,14.087,"x"
"Int_TOH","",504.481,512.432,7.951,"x"
"Int_TOH","",512.432,523.431,10.999,"x"
"Int_TOH","",523.431,538.551,15.12,"x"
"Int_TOH","",538.551,551.542,12.991,"x"
"Int_TOH","",551.542,563.06,11.518,"x"
"Int_TOH","",563.06,575.228,12.168,"x"
"Int_TOH","",575.228,581.212,5.984,"t"
"Int_TOH","",581.212,592.459,11.247,"o"
"Int_TOH","",592.459,605.73,13.271,"o"
"Int_TOH","",605.73,627.985,22.255,"o"
"Int_TOH","",627.985,661.591,33.606,"o"
"Int_TOH","",661.591,679.957,18.366,"o"
"Int_TOH","",679.957,741.545,61.588,"o"
"Int_TOH","",741.545,752.609,11.064,"t"
"Int_TOH","",752.609,768.824,16.215,"o"
"Int_TOH","",768.824,784.543,15.719,"x"
"Int_TOH","",784.543,808.517,23.974,"t"
"Int_TOH","",808.517,830.028,21.511,"o"
"Int_TOH","",830.028,850.546,20.518,"t"
"Int_TOH","",850.546,856.946,6.4,"t"
"Int_TOH","",856.946,874.081,17.135,"t"
"Int_TOH","",874.081,908.551,34.47,"x"
"Int_TOH","",908.551,941.045,32.494,"x"
"Int_TOH","",941.045,967.179,26.134,"x"
"Int_TOH","",967.179,1041.614,74.435,"o"
"Int_TOH","",1041.614,1050.27,8.656,"t"
"Int_TOH","",1050.27,1059.845,9.575,"t"
"Int_TOH","",1059.845,1079.604,19.759,"o"
"Int_TOH","",1079.604,1096.915,17.311,"t"
"Int_TOH","",1096.915,1120.217,23.302,"o"
"Int_TOH","",1120.217,1129.417,9.2,"t"
"Int_TOH","",1129.417,1135.48,6.063,"t"
"Int_TOH","",1135.48,1154.783,19.303,"o"
"Int_TOH","",1154.783,1179.293,24.51,"o"
"Int_TOH","",1179.293,1230.73,51.437,"o"
"Int_TOH","",1230.73,1298.398,67.668,"o"
"Int_TOH","",1298.398,1321.18,22.782,"o"
"Int_TOH","",1321.18,1374.297,53.117,"o"
"Int_TOH","",1374.297,1475.042,100.745,"o"
"Int_TOH","",1475.042,1484.754,9.712,"t"
"Int_TOH","",1484.754,1497.025,12.271,"x"
"Int_TOH","",1497.025,1504.216,7.191,"t"
"Int_TOH","",1504.216,1513.256,9.04,"t"
"Int_TOH","",1513.256,1523.335,10.079,"t"
"Int_TOH","",1523.335,1548.19,24.855,"t"
"Int_TOH","",1548.19,1556.717,8.527,"t"
"Int_TOH","",1556.717,1574.844,18.127,"t"
"Int_TOH","",1574.844,1582.779,7.935,"t"
"Int_TOH","",1582.779,1589.243,6.464,"t"
"Int_TOH","",1589.243,1596.339,7.096,"x"
"Int_TOH","",1596.339,1615.121,18.782,"x"
"Int_TOH","",1615.121,1640.768,25.647,"x"
"Int_TOH","",1640.768,1651.127,10.359,"t"
"Int_TOH","",1651.127,1697.98,46.853,"t"
"Int_TOH","",1697.98,1705.94,7.96,"t"
"Int_TOH","",1705.94,1722.89,16.95,"x"
"Int_TOH","",1722.89,1737.634,14.744,"x"
"Int_TOH","",1737.634,1748.577,10.943,"x"
"Int_TOH","",1748.577,1757.344,8.767,"x"
"Int_TOH","",1757.344,1764.384,7.04,"x"
"Int_TOH","",1764.384,1779.535,15.151,"x"
