"sys_utterance","",155.0,163.024,8.024," これから「アニメ・漫画」について話しましょう！"
"sys_utterance","",163.024,174.199,11.175," 最近アニメや漫画をよく見ますか？"
"sys_utterance","",174.199,185.35,11.151," どちらかといえば、アニメか漫画のどちらを見るんですか？"
"sys_utterance","",185.35,197.174,11.824," アニメですか。おすすめのアニメってありますか？"
"sys_utterance","",197.174,200.894,3.72," すみません、知らないです。"
"sys_utterance","",200.894,215.581,14.687," それは一体どういった内容なんですか？"
"sys_utterance","",215.581,231.916,16.335," どういったところが好きなんですか？"
"sys_utterance","",231.916,242.435,10.519," 私も興味が出てきました。私も今度見てみたいと思います！"
"sys_utterance","",242.435,253.786,11.351," 2018年には野球漫画の「メジャーセカンド」がアニメ化されるようですよ，ご存知ですか？"
"sys_utterance","",253.786,268.609,14.823," 2018年の4月頃から、NHKで放送されるようです！"
"sys_utterance","",268.609,282.28,13.671," 「メジャーセカンド」は前作で主人公だった茂野吾郎の息子の茂野だいごが主人公のようです．"
"sys_utterance","",282.28,295.967,13.687," 有名な野球選手である父を持つがゆえの，苦悩や挫折を描いているそうです．"
"sys_utterance","",295.967,302.263,6.296," アニメ化することはご存知でしたか？"
"sys_utterance","",302.263,308.127,5.864," 「メジャー」のアニメを見ようと思いますか？"
"sys_utterance","",308.127,315.054,6.927," いいですね，私も見てみたいです！"
"sys_utterance","",315.054,321.342,6.288," これから「ゲーム」について話しましょう"
"sys_utterance","",321.342,329.629,8.287," 最近ゲームはしますか？"
"sys_utterance","",329.629,341.388,11.759," おすすめのゲームってありますか？"
"sys_utterance","",341.388,350.252,8.864," 携帯ゲームかテレビゲームならどちらをしますか？"
"sys_utterance","",350.252,362.059,11.807," いつもはどんなジャンルのゲームをするんですか？"
"sys_utterance","",362.059,375.762,13.703," では、やったことのあるゲームの中で、もう一度やりたいものはありますか？"
"sys_utterance","",375.762,388.057,12.295," それは一体どんなゲームなんですか？"
"sys_utterance","",388.057,402.488,14.431," そのゲームのどんなところが好きなんですか？"
"sys_utterance","",402.488,410.632,8.144," なるほど。私もやってみたいです！"
"sys_utterance","",410.632,420.383,9.751," 最近注目されているゲームでは「モンスターハンターワールド」というものがあるそうですよ？"
"sys_utterance","",420.383,433.894,13.511," 2018年1月発売予定のようですよ？"
"sys_utterance","",433.894,443.886,9.992," プレイステーションフォーで遊ぶことができるゲームで，狩りをする人気ゲームの最新作だそうです！"
"sys_utterance","",443.886,456.573,12.687," やってみたいと思いますか？"
"sys_utterance","",456.573,474.668,18.095," また，ほかに注目されているゲームとしては，マリオオデッセイ，スプラトゥーン，ポケモンなどがあります．"
"sys_utterance","",474.668,486.227,11.559," 発売前のものとしては、信長の野望，星のカービイ，さんごく無双，などです．"
"sys_utterance","",486.227,500.282,14.055," これらのゲームでやってみたいものはありますか？"
"sys_utterance","",500.282,509.746,9.464," そうですか，では一度独自で調べてみますね！"
"sys_utterance","",509.746,516.721,6.975," これから「映画」について話しましょう"
"sys_utterance","",516.721,529.736,13.015," 最近映画は見ましたか？"
"sys_utterance","",529.736,552.199,22.463," それは一体どういった内容なんですか？"
"sys_utterance","",552.199,560.75,8.551," それのどういったところが好きなんですか？"
"sys_utterance","",560.75,570.038,9.288," なるほど、それは面白そうですね！私も観てみたいです！"
"sys_utterance","",570.038,579.421,9.383," 映画では洋画，邦画，それ以外のどれが好きですか？"
"sys_utterance","",579.421,593.612,14.191," 邦画が好きなんですか，おすすめの邦画ってありますか？"
"sys_utterance","",593.612,613.635,20.023," それは一体どういった内容なんですか？"
"sys_utterance","",613.635,630.898,17.263," それのどういったところが好きなんですか？"
"sys_utterance","",630.898,645.545,14.647," なるほど、それは面白そうですね！私も観てみたいです！"
"sys_utterance","",645.545,656.792,11.247," 最近では「ブランク13」が注目されているようです．ご存じですか？"
"sys_utterance","",656.792,670.479,13.687," 俳優の斎藤工さんが監督を務めた作品で，本人も出演されるそうですよ？"
"sys_utterance","",670.479,689.39,18.911," ギャンブルなどで抱えた借金を残して失踪した父が，ある日13年ぶりに見つかり，そこから父との溝を埋めていく，実話に基づいた物語のようです．"
"sys_utterance","",689.39,693.462,4.072," はい、そうです！"
"sys_utterance","",693.462,703.869,10.407," ほかには高橋いっせいさん，松岡まゆさん，などが出演されるそうです．"
"sys_utterance","",703.869,710.965,7.096," 「ブランク13」をご存知ですか？"
"sys_utterance","",710.965,722.036,11.071," 2018年の2月頃に公開されるそうです．見に行きたいですか？"
"sys_utterance","",722.036,732.947,10.911," なるほど，では私もチェックしておきますね！"
"sys_utterance","",732.947,738.611,5.664," これから「芸能人」について話しましょう！"
"sys_utterance","",738.611,746.138,7.527," 最近テレビはよく見ますか？"
"sys_utterance","",746.138,763.385,17.247," 好きな芸能人や、好きなアイドルグループはいますか？"
"sys_utterance","",763.385,779.472,16.087," それはどういった内容の番組なんですか？"
"sys_utterance","",779.472,790.216,10.744," なるほど、それは私も興味があります！一度見てみますね！"
"sys_utterance","",790.216,809.11,18.894," 最近ではテレビ番組「めちゃめちゃいけてる」の放送終了のニュースが注目されているようです．ご存じですか？"
"sys_utterance","",809.11,828.085,18.975," 来年の春に，放送を終了し，21年の番組の歴史に幕を降ろすようです．"
"sys_utterance","",828.085,839.148,11.063," ここ数年，視聴率の低迷などで打ち切りの噂があったのですが，本当になったようです．"
"sys_utterance","",839.148,847.124,7.976," 「めちゃめちゃいけてる」は見たことはありますか？"
"sys_utterance","",847.124,868.163,21.039," 「めちゃめちゃいけてる」に出演されている芸能人の中でご存知のかたはいますか？"
"sys_utterance","",868.163,878.162,9.999," そのかたがたは他の番組などにも出演されていますね！"
"sys_utterance","",878.162,909.664,31.502," この報道についてどう思いますか？"
"sys_utterance","",909.664,916.871,7.207," これから「食べ物」について話しましょう！"
"sys_utterance","",916.871,924.039,7.168," スイーツは好きですか？"
"sys_utterance","",924.039,935.894,11.855," 食べるのか，見たり作ったりするののどちらが好きなんですか？"
"sys_utterance","",935.894,954.661,18.767," 食べるのが好きなんですね。おすすめの美味しいものはありますか？"
"sys_utterance","",954.661,970.284,15.623," どういったところが好きなんですか？"
"sys_utterance","",970.284,980.763,10.479," それは最近食べられたんですか？"
"sys_utterance","",980.763,989.099,8.336," どこで食べられたんですか？"
"sys_utterance","",989.099,999.322,10.223," いいですね，私も食べてみたいです！"
"sys_utterance","",999.322,1012.417,13.095," 今現在，コンビニで売られているスイーツが進化しているそうです．ご存知ですか？"
"sys_utterance","",1012.417,1024.713,12.296," 最近ではティラミス風味のシュークリームや，黒蜜の入ったきなこのわらび餅など，美味しそうな商品が売られているそうです！"
"sys_utterance","",1024.713,1040.959,16.246," また本格的な、パフェを食べられるコンビニもあり，目が離せませんね！"
"sys_utterance","",1040.959,1058.614,17.655," 味や見た目が良く，またコンビニなので手軽に買えるのも魅力のひとつだそうです，"
"sys_utterance","",1058.614,1066.342,7.728," コンビニスイーツは好きですか？"
"sys_utterance","",1066.342,1076.485,10.143," いいですね，私も機会があれば食べてみたいです！"
"sys_utterance","",1076.485,1082.245,5.76," これから「ドラマ」の話をしましょう！"
"sys_utterance","",1082.245,1088.404,6.159," 最近ドラマは見ましたか？"
"sys_utterance","",1088.404,1094.412,6.008," ドラマはよく見る方ですか？"
"sys_utterance","",1094.412,1108.659,14.247," あまり見ないんですね。では、今までに見た中で一番好きなドラマはありますか？"
"sys_utterance","",1108.659,1122.434,13.775," そのドラマはどんな内容なんですか？"
"sys_utterance","",1122.434,1147.569,25.135," そのドラマのどういったところが好きなんですか？"
"sys_utterance","",1147.569,1157.224,9.655," なるほど、それは面白そうですね。私も、一度見てみたいです！"
"sys_utterance","",1157.224,1168.783,11.559," 放送予定のドラマでは「アノネ」というドラマが注目されているようです．ご存知ですか？"
"sys_utterance","",1168.783,1185.046,16.263," 主演は、映画「ちはやふる」でも活躍された，広瀬すずさんのようです．"
"sys_utterance","",1185.046,1205.885,20.839," ドラマ「アノネ」は、生きることの意味，生きるうえで大切なものは何か，を問いかけ，真実の人間の愛を見つける物語のようです．"
"sys_utterance","",1205.885,1216.58,10.695," 2018年の1月から放送されるようですよ？"
"sys_utterance","",1216.58,1224.876,8.296," 見るつもりはありますか？"
"sys_utterance","",1224.876,1235.867,10.991," そうなんですか．では他のドラマを一度独自で調べてみますね！"
"user_utterance","",155.0,163.024,8.024,""
"user_utterance","",163.024,174.199,11.175,"最近は(D い)あまり見ませんが|(F えー)一年ぐらい前だとよく見ていました"
"user_utterance","",174.199,185.35,11.151,"(F んー)|アニメのほうがよく見ます"
"user_utterance","",185.35,197.174,11.824,"(F んーと)|ガールズ＆パンツァーって知ってますか"
"user_utterance","",197.174,200.894,3.72,""
"user_utterance","",200.894,215.581,14.687,"(? ん)(? ん)|(F んーと)|女子高生が|(F えー)|戦車|を扱うような|アニメです"
"user_utterance","",215.581,231.916,16.335,"(F んー)|(F えーと)|アニメ中の劇中の|音楽がすごく(D こ)凝られていて|それが|好きです"
"user_utterance","",231.916,242.435,10.519,"(F はい)|ぜひ見てください"
"user_utterance","",242.435,253.786,11.351,"いえ|知りませんでした"
"user_utterance","",253.786,268.609,14.823,"(F ふーん)|昔|メジャーは見ていたので|また復活するんだと思いました"
"user_utterance","",268.609,282.28,13.671,"(F ふーん)|じゃあ次の世代の話なんですね"
"user_utterance","",282.28,295.967,13.687,"(F ふーん)|前作もすごくよかったので|僕も見ようかなと思いました"
"user_utterance","",295.967,302.263,6.296,"いえ|(D しりませ)"
"user_utterance","",302.263,308.127,5.864,"(D んでした)|はい|(D おもいま)"
"user_utterance","",308.127,315.054,6.927,"(D ます)"
"user_utterance","",315.054,321.342,6.288,"(F はい)"
"user_utterance","",321.342,329.629,8.287,"ゲームは|全然しません"
"user_utterance","",329.629,341.388,11.759,"(F んー)昔はポケモンをしていましたが|(F えー)最近は全然していません"
"user_utterance","",341.388,350.252,8.864,"(F んー)テレビゲームのほう(? を)します"
"user_utterance","",350.252,362.059,11.807,"戦う系の|(F えーと)ゲームをします"
"user_utterance","",362.059,375.762,13.703,"ゲームキューブの|(D ス)スマッシュブラザーズ|です"
"user_utterance","",375.762,388.057,12.295,"(F んーと)キャラクター|を選んだあとにそれ同士で戦わせるっていう|ゲームです"
"user_utterance","",388.057,402.488,14.431,"(F んー)昔から|友達とやっていて|(F えーとー)|懐かしく感じるからです"
"user_utterance","",402.488,410.632,8.144,"ぜひやってみてください"
"user_utterance","",410.632,420.383,9.751,"(F あー)そうなんです"
"user_utterance","",420.383,433.894,13.511,"ね|そうなんですか|僕も昔モンハン|買ったので|おもしろそうですね"
"user_utterance","",433.894,443.886,9.992,"(F ふーん)"
"user_utterance","",443.886,456.573,12.687,"(F あー)少しやってみたいと思います|でもＰＳ４持ってないので|(F まあ)友達に借りれたらいいなと思いました"
"user_utterance","",456.573,474.668,18.095,"(F んー)|その辺はあんまりやったことがないから|想像がつかないですね"
"user_utterance","",474.668,486.227,11.559,"(F ふーん)"
"user_utterance","",486.227,500.282,14.055,"いや|あんまり|(D や)|食わず嫌いかも知れないけどあまり興味はわかないですね"
"user_utterance","",500.282,509.746,9.464,""
"user_utterance","",509.746,516.721,6.975,"(F はい)"
"user_utterance","",516.721,529.736,13.015,"最近映画は|ミニオンの映画を見ました"
"user_utterance","",529.736,552.199,22.463,"(F んーと)|囚人|のミニオンが|(F えーとー)それを抜け出して|(F えーと)いろいろ騒ぐっていう(D え)映画です"
"user_utterance","",552.199,560.75,8.551,"(F えーとー)ミニオンがかわいらしいところが|です"
"user_utterance","",560.75,570.038,9.288,"(F はい)|ぜひ一度見てください"
"user_utterance","",570.038,579.421,9.383,"わりと邦画のほうが|好きです"
"user_utterance","",579.421,593.612,14.191,"お勧めの邦画|亀は意外と速く泳ぐという|少し|マイナーな映画が好きです"
"user_utterance","",593.612,613.635,20.023,"(F んー)|ある日スパイになる主人公が|(F えーと)いろいろな事件に巻き込まれていくという映画で|ゆるゆるとした|映画です"
"user_utterance","",613.635,630.898,17.263,"(F えー)|各所に笑いがちりばめ(D れ)られていて|(F えーとー)|くすっと笑えるところが好きです"
"user_utterance","",630.898,645.545,14.647,""
"user_utterance","",645.545,656.792,11.247,"いえ|全然知らないです|なんですか"
"user_utterance","",656.792,670.479,13.687,"(F ふーん)|俳優(D も)の傍ら|監督もしてるんですね"
"user_utterance","",670.479,689.39,18.911,"(F ふーん)|だから十三という意味なんですね"
"user_utterance","",689.39,693.462,4.072,""
"user_utterance","",693.462,703.869,10.407,"(? うん)(? うん)|(F ふーん)|豪華俳優陣ですね"
"user_utterance","",703.869,710.965,7.096,"いえ|全く知らないです"
"user_utterance","",710.965,722.036,11.071,"(F ふーん)|見に行きたいです|おもしろそうですね"
"user_utterance","",722.036,732.947,10.911,"(F はい)|お願いします"
"user_utterance","",732.947,738.611,5.664,"(F はい)"
"user_utterance","",738.611,746.138,7.527,"最近テレビはまあまあ見ます"
"user_utterance","",746.138,763.385,17.247,"(F うー)はいないです|むしろ芸人|の|出るテレビのほうがよく見ます"
"user_utterance","",763.385,779.472,16.087,"バラエティとか|芸人が出てるバラエティ|を|よく見ます"
"user_utterance","",779.472,790.216,10.744,"(F はい)"
"user_utterance","",790.216,809.11,18.894,"うん|て|ニュースで見ました|昔から|長い間続いてた|番組でしたよね"
"user_utterance","",809.11,828.085,18.975,"(F うん)|僕はあまり| 見なかったので思い入れは特にないんですけど|(F まあ)でも|少し残念ですね"
"user_utterance","",828.085,839.148,11.063,"(F んー)"
"user_utterance","",839.148,847.124,7.976,"少しだけ見たことあります"
"user_utterance","",847.124,868.163,21.039,"(F えーと)|加藤浩次ぐらいかな|あと岡村と矢部|ぐらい|です"
"user_utterance","",868.163,878.162,9.999,"そうですね|他にもよく出演されてますね"
"user_utterance","",878.162,909.664,31.502,"(F えー)|少し残念だなと思います|けど仕方ないのかなとも思います"
"user_utterance","",909.664,916.871,7.207,""
"user_utterance","",916.871,924.039,7.168,"スイーツは|好きです"
"user_utterance","",924.039,935.894,11.855,"(F んー)|食べるほうが好きです"
"user_utterance","",935.894,954.661,18.767,"(F はい)|お勧め|小さなパン屋さん(D に)|をめぐるのが好きで|(F うん)|(F えーと)|週末とかによく行きます"
"user_utterance","",954.661,970.284,15.623,"(F んーと)|(F あの)店それぞれに|よさがあるし|(F と)やっぱりこだわりのパンっていうのは|(F うん)|おいしい|です"
"user_utterance","",970.284,980.763,10.479,"はい|一週間前に|お店に行って買いました"
"user_utterance","",980.763,989.099,8.336,"京都の|お店です"
"user_utterance","",989.099,999.322,10.223,"(F はい)|ぜひ紹介したいです"
"user_utterance","",999.322,1012.417,13.095,"(F うーん)少し噂には聞いていますけど|どんなものがあるんですか"
"user_utterance","",1012.417,1024.713,12.296,"うん|(F ふうーん)"
"user_utterance","",1024.713,1040.959,16.246,"ティラミスも|そうですね|最近コンビニも|スイーツ|に特化してる気がしますね"
"user_utterance","",1040.959,1058.614,17.655,"うん|確かに僕もたまに|コンビニでスイーツ買いますから|すごい|いいことだなと思います"
"user_utterance","",1058.614,1066.342,7.728,"好きです"
"user_utterance","",1066.342,1076.485,10.143,"(F はい)"
"user_utterance","",1076.485,1082.245,5.76,"(F はい)"
"user_utterance","",1082.245,1088.404,6.159,"最近全くドラマ見てないんですよ"
"user_utterance","",1088.404,1094.412,6.008,"いや|あまり見ないです|昔は見て(D いま)"
"user_utterance","",1094.412,1108.659,14.247,"(D したが)|(F はい)|(F えー)昔ですけど|ガリレオというドラマがおもしろかったです"
"user_utterance","",1108.659,1122.434,13.775,"(F うーんと)|大学の先生が|科学の力を|使って難事件を解決するという|(F えー)ドラマです"
"user_utterance","",1122.434,1147.569,25.135,"(F えー)|目新しさと|目新しさ|(F んー)|かな|目新しさとあと|科学の力で解き明かしていく感じ|が|(F えーと)|うれしかったように思います"
"user_utterance","",1147.569,1157.224,9.655,"(F はい)"
"user_utterance","",1157.224,1168.783,11.559,"いえ|知りません"
"user_utterance","",1168.783,1185.046,16.263,"(F うーん)|最近売れてますね|広瀬すず"
"user_utterance","",1185.046,1205.885,20.839,"(F んー)(? もう)なかなかそれちょっと(D お)重そうで|僕はちょっと苦手かなと思いました"
"user_utterance","",1205.885,1216.58,10.695,"(F ふーん)|見たほうがいいんですかね"
"user_utterance","",1216.58,1224.876,8.296,"(F うーん)今のところはないです"
"user_utterance","",1224.876,1235.867,10.991,"(F はい)|ぜひ教えてください"
"dialogue_act","",155.0,163.024,8.024,"op"
"dialogue_act","",163.024,174.199,11.175,"qy"
"dialogue_act","",174.199,185.35,11.151,"qw"
"dialogue_act","",185.35,197.174,11.824,"qy"
"dialogue_act","",197.174,200.894,3.72,"na"
"dialogue_act","",200.894,215.581,14.687,"qw"
"dialogue_act","",215.581,231.916,16.335,"qw"
"dialogue_act","",231.916,242.435,10.519,"pa"
"dialogue_act","",242.435,253.786,11.351,"qy"
"dialogue_act","",253.786,268.609,14.823,"io"
"dialogue_act","",268.609,282.28,13.671,"io"
"dialogue_act","",282.28,295.967,13.687,"io"
"dialogue_act","",295.967,302.263,6.296,"qy"
"dialogue_act","",302.263,308.127,5.864,"qy"
"dialogue_act","",308.127,315.054,6.927,"pa"
"dialogue_act","",315.054,321.342,6.288,"op"
"dialogue_act","",321.342,329.629,8.287,"qy"
"dialogue_act","",329.629,341.388,11.759,"qy"
"dialogue_act","",341.388,350.252,8.864,"qw"
"dialogue_act","",350.252,362.059,11.807,"qw"
"dialogue_act","",362.059,375.762,13.703,"qy"
"dialogue_act","",375.762,388.057,12.295,"qw"
"dialogue_act","",388.057,402.488,14.431,"qw"
"dialogue_act","",402.488,410.632,8.144,"pa"
"dialogue_act","",410.632,420.383,9.751,"io"
"dialogue_act","",420.383,433.894,13.511,"io"
"dialogue_act","",433.894,443.886,9.992,"io"
"dialogue_act","",443.886,456.573,12.687,"qy"
"dialogue_act","",456.573,474.668,18.095,"io"
"dialogue_act","",474.668,486.227,11.559,"io"
"dialogue_act","",486.227,500.282,14.055,"qy"
"dialogue_act","",500.282,509.746,9.464,"oa"
"dialogue_act","",509.746,516.721,6.975,"op"
"dialogue_act","",516.721,529.736,13.015,"qy"
"dialogue_act","",529.736,552.199,22.463,"qw"
"dialogue_act","",552.199,560.75,8.551,"qw"
"dialogue_act","",560.75,570.038,9.288,"pa"
"dialogue_act","",570.038,579.421,9.383,"qw"
"dialogue_act","",579.421,593.612,14.191,"qy"
"dialogue_act","",593.612,613.635,20.023,"qw"
"dialogue_act","",613.635,630.898,17.263,"qw"
"dialogue_act","",630.898,645.545,14.647,"pa"
"dialogue_act","",645.545,656.792,11.247,"qy"
"dialogue_act","",656.792,670.479,13.687,"io"
"dialogue_act","",670.479,689.39,18.911,"io"
"dialogue_act","",689.39,693.462,4.072,"pa"
"dialogue_act","",693.462,703.869,10.407,"io"
"dialogue_act","",703.869,710.965,7.096,"qy"
"dialogue_act","",710.965,722.036,11.071,"qy"
"dialogue_act","",722.036,732.947,10.911,"oa"
"dialogue_act","",732.947,738.611,5.664,"op"
"dialogue_act","",738.611,746.138,7.527,"qy"
"dialogue_act","",746.138,763.385,17.247,"qy"
"dialogue_act","",763.385,779.472,16.087,"qw"
"dialogue_act","",779.472,790.216,10.744,"pa"
"dialogue_act","",790.216,809.11,18.894,"qy"
"dialogue_act","",809.11,828.085,18.975,"io"
"dialogue_act","",828.085,839.148,11.063,"io"
"dialogue_act","",839.148,847.124,7.976,"qy"
"dialogue_act","",847.124,868.163,21.039,"qy"
"dialogue_act","",868.163,878.162,9.999,"oa"
"dialogue_act","",878.162,909.664,31.502,"qw"
"dialogue_act","",909.664,916.871,7.207,"op"
"dialogue_act","",916.871,924.039,7.168,"qy"
"dialogue_act","",924.039,935.894,11.855,"qw"
"dialogue_act","",935.894,954.661,18.767,"qy"
"dialogue_act","",954.661,970.284,15.623,"qw"
"dialogue_act","",970.284,980.763,10.479,"qy"
"dialogue_act","",980.763,989.099,8.336,"qw"
"dialogue_act","",989.099,999.322,10.223,"pa"
"dialogue_act","",999.322,1012.417,13.095,"qy"
"dialogue_act","",1012.417,1024.713,12.296,"io"
"dialogue_act","",1024.713,1040.959,16.246,"io"
"dialogue_act","",1040.959,1058.614,17.655,"io"
"dialogue_act","",1058.614,1066.342,7.728,"qy"
"dialogue_act","",1066.342,1076.485,10.143,"pa"
"dialogue_act","",1076.485,1082.245,5.76,"op"
"dialogue_act","",1082.245,1088.404,6.159,"qy"
"dialogue_act","",1088.404,1094.412,6.008,"qy"
"dialogue_act","",1094.412,1108.659,14.247,"qy"
"dialogue_act","",1108.659,1122.434,13.775,"qw"
"dialogue_act","",1122.434,1147.569,25.135,"qw"
"dialogue_act","",1147.569,1157.224,9.655,"pa"
"dialogue_act","",1157.224,1168.783,11.559,"qy"
"dialogue_act","",1168.783,1185.046,16.263,"io"
"dialogue_act","",1185.046,1205.885,20.839,"io"
"dialogue_act","",1205.885,1216.58,10.695,"io"
"dialogue_act","",1216.58,1224.876,8.296,"qy"
"dialogue_act","",1224.876,1235.867,10.991,"oa"
"UI_F1","",155.0,163.024,8.024,"4"
"UI_F1","",163.024,174.199,11.175,"5"
"UI_F1","",174.199,185.35,11.151,"6"
"UI_F1","",185.35,197.174,11.824,"6"
"UI_F1","",197.174,200.894,3.72,"4"
"UI_F1","",200.894,215.581,14.687,"6"
"UI_F1","",215.581,231.916,16.335,"6"
"UI_F1","",231.916,242.435,10.519,"5"
"UI_F1","",242.435,253.786,11.351,"3"
"UI_F1","",253.786,268.609,14.823,"6"
"UI_F1","",268.609,282.28,13.671,"6"
"UI_F1","",282.28,295.967,13.687,"6"
"UI_F1","",295.967,302.263,6.296,"3"
"UI_F1","",302.263,308.127,5.864,"6"
"UI_F1","",308.127,315.054,6.927,"4"
"UI_F1","",315.054,321.342,6.288,"4"
"UI_F1","",321.342,329.629,8.287,"3"
"UI_F1","",329.629,341.388,11.759,"3"
"UI_F1","",341.388,350.252,8.864,"5"
"UI_F1","",350.252,362.059,11.807,"5"
"UI_F1","",362.059,375.762,13.703,"6"
"UI_F1","",375.762,388.057,12.295,"5"
"UI_F1","",388.057,402.488,14.431,"6"
"UI_F1","",402.488,410.632,8.144,"4"
"UI_F1","",410.632,420.383,9.751,"3"
"UI_F1","",420.383,433.894,13.511,"5"
"UI_F1","",433.894,443.886,9.992,"4"
"UI_F1","",443.886,456.573,12.687,"5"
"UI_F1","",456.573,474.668,18.095,"5"
"UI_F1","",474.668,486.227,11.559,"4"
"UI_F1","",486.227,500.282,14.055,"3"
"UI_F1","",500.282,509.746,9.464,"4"
"UI_F1","",509.746,516.721,6.975,"4"
"UI_F1","",516.721,529.736,13.015,"5"
"UI_F1","",529.736,552.199,22.463,"5"
"UI_F1","",552.199,560.75,8.551,"5"
"UI_F1","",560.75,570.038,9.288,"5"
"UI_F1","",570.038,579.421,9.383,"5"
"UI_F1","",579.421,593.612,14.191,"6"
"UI_F1","",593.612,613.635,20.023,"6"
"UI_F1","",613.635,630.898,17.263,"6"
"UI_F1","",630.898,645.545,14.647,"4"
"UI_F1","",645.545,656.792,11.247,"5"
"UI_F1","",656.792,670.479,13.687,"5"
"UI_F1","",670.479,689.39,18.911,"5"
"UI_F1","",689.39,693.462,4.072,"4"
"UI_F1","",693.462,703.869,10.407,"5"
"UI_F1","",703.869,710.965,7.096,"3"
"UI_F1","",710.965,722.036,11.071,"6"
"UI_F1","",722.036,732.947,10.911,"4"
"UI_F1","",732.947,738.611,5.664,"4"
"UI_F1","",738.611,746.138,7.527,"5"
"UI_F1","",746.138,763.385,17.247,"5"
"UI_F1","",763.385,779.472,16.087,"5"
"UI_F1","",779.472,790.216,10.744,"4"
"UI_F1","",790.216,809.11,18.894,"5"
"UI_F1","",809.11,828.085,18.975,"5"
"UI_F1","",828.085,839.148,11.063,"4"
"UI_F1","",839.148,847.124,7.976,"5"
"UI_F1","",847.124,868.163,21.039,"5"
"UI_F1","",868.163,878.162,9.999,"5"
"UI_F1","",878.162,909.664,31.502,"2"
"UI_F1","",909.664,916.871,7.207,"4"
"UI_F1","",916.871,924.039,7.168,"5"
"UI_F1","",924.039,935.894,11.855,"5"
"UI_F1","",935.894,954.661,18.767,"6"
"UI_F1","",954.661,970.284,15.623,"6"
"UI_F1","",970.284,980.763,10.479,"6"
"UI_F1","",980.763,989.099,8.336,"6"
"UI_F1","",989.099,999.322,10.223,"6"
"UI_F1","",999.322,1012.417,13.095,"5"
"UI_F1","",1012.417,1024.713,12.296,"4"
"UI_F1","",1024.713,1040.959,16.246,"5"
"UI_F1","",1040.959,1058.614,17.655,"6"
"UI_F1","",1058.614,1066.342,7.728,"6"
"UI_F1","",1066.342,1076.485,10.143,"4"
"UI_F1","",1076.485,1082.245,5.76,"4"
"UI_F1","",1082.245,1088.404,6.159,"3"
"UI_F1","",1088.404,1094.412,6.008,"3"
"UI_F1","",1094.412,1108.659,14.247,"5"
"UI_F1","",1108.659,1122.434,13.775,"5"
"UI_F1","",1122.434,1147.569,25.135,"5"
"UI_F1","",1147.569,1157.224,9.655,"4"
"UI_F1","",1157.224,1168.783,11.559,"3"
"UI_F1","",1168.783,1185.046,16.263,"5"
"UI_F1","",1185.046,1205.885,20.839,"3"
"UI_F1","",1205.885,1216.58,10.695,"2"
"UI_F1","",1216.58,1224.876,8.296,"1"
"UI_F1","",1224.876,1235.867,10.991,"4"
"UI_F3","",155.0,163.024,8.024,"4"
"UI_F3","",163.024,174.199,11.175,"5"
"UI_F3","",174.199,185.35,11.151,"5"
"UI_F3","",185.35,197.174,11.824,"6"
"UI_F3","",197.174,200.894,3.72,"4"
"UI_F3","",200.894,215.581,14.687,"5"
"UI_F3","",215.581,231.916,16.335,"5"
"UI_F3","",231.916,242.435,10.519,"4"
"UI_F3","",242.435,253.786,11.351,"5"
"UI_F3","",253.786,268.609,14.823,"5"
"UI_F3","",268.609,282.28,13.671,"5"
"UI_F3","",282.28,295.967,13.687,"5"
"UI_F3","",295.967,302.263,6.296,"4"
"UI_F3","",302.263,308.127,5.864,"5"
"UI_F3","",308.127,315.054,6.927,"4"
"UI_F3","",315.054,321.342,6.288,"4"
"UI_F3","",321.342,329.629,8.287,"3"
"UI_F3","",329.629,341.388,11.759,"3"
"UI_F3","",341.388,350.252,8.864,"5"
"UI_F3","",350.252,362.059,11.807,"5"
"UI_F3","",362.059,375.762,13.703,"6"
"UI_F3","",375.762,388.057,12.295,"5"
"UI_F3","",388.057,402.488,14.431,"5"
"UI_F3","",402.488,410.632,8.144,"4"
"UI_F3","",410.632,420.383,9.751,"3"
"UI_F3","",420.383,433.894,13.511,"5"
"UI_F3","",433.894,443.886,9.992,"4"
"UI_F3","",443.886,456.573,12.687,"6"
"UI_F3","",456.573,474.668,18.095,"5"
"UI_F3","",474.668,486.227,11.559,"3"
"UI_F3","",486.227,500.282,14.055,"2"
"UI_F3","",500.282,509.746,9.464,"4"
"UI_F3","",509.746,516.721,6.975,"4"
"UI_F3","",516.721,529.736,13.015,"5"
"UI_F3","",529.736,552.199,22.463,"5"
"UI_F3","",552.199,560.75,8.551,"5"
"UI_F3","",560.75,570.038,9.288,"5"
"UI_F3","",570.038,579.421,9.383,"5"
"UI_F3","",579.421,593.612,14.191,"5"
"UI_F3","",593.612,613.635,20.023,"6"
"UI_F3","",613.635,630.898,17.263,"5"
"UI_F3","",630.898,645.545,14.647,"4"
"UI_F3","",645.545,656.792,11.247,"5"
"UI_F3","",656.792,670.479,13.687,"5"
"UI_F3","",670.479,689.39,18.911,"5"
"UI_F3","",689.39,693.462,4.072,"4"
"UI_F3","",693.462,703.869,10.407,"3"
"UI_F3","",703.869,710.965,7.096,"3"
"UI_F3","",710.965,722.036,11.071,"5"
"UI_F3","",722.036,732.947,10.911,"5"
"UI_F3","",732.947,738.611,5.664,"4"
"UI_F3","",738.611,746.138,7.527,"5"
"UI_F3","",746.138,763.385,17.247,"5"
"UI_F3","",763.385,779.472,16.087,"5"
"UI_F3","",779.472,790.216,10.744,"4"
"UI_F3","",790.216,809.11,18.894,"5"
"UI_F3","",809.11,828.085,18.975,"3"
"UI_F3","",828.085,839.148,11.063,"3"
"UI_F3","",839.148,847.124,7.976,"3"
"UI_F3","",847.124,868.163,21.039,"5"
"UI_F3","",868.163,878.162,9.999,"5"
"UI_F3","",878.162,909.664,31.502,"3"
"UI_F3","",909.664,916.871,7.207,"4"
"UI_F3","",916.871,924.039,7.168,"5"
"UI_F3","",924.039,935.894,11.855,"5"
"UI_F3","",935.894,954.661,18.767,"6"
"UI_F3","",954.661,970.284,15.623,"6"
"UI_F3","",970.284,980.763,10.479,"5"
"UI_F3","",980.763,989.099,8.336,"5"
"UI_F3","",989.099,999.322,10.223,"6"
"UI_F3","",999.322,1012.417,13.095,"5"
"UI_F3","",1012.417,1024.713,12.296,"3"
"UI_F3","",1024.713,1040.959,16.246,"5"
"UI_F3","",1040.959,1058.614,17.655,"6"
"UI_F3","",1058.614,1066.342,7.728,"5"
"UI_F3","",1066.342,1076.485,10.143,"5"
"UI_F3","",1076.485,1082.245,5.76,"4"
"UI_F3","",1082.245,1088.404,6.159,"5"
"UI_F3","",1088.404,1094.412,6.008,"3"
"UI_F3","",1094.412,1108.659,14.247,"6"
"UI_F3","",1108.659,1122.434,13.775,"6"
"UI_F3","",1122.434,1147.569,25.135,"5"
"UI_F3","",1147.569,1157.224,9.655,"5"
"UI_F3","",1157.224,1168.783,11.559,"4"
"UI_F3","",1168.783,1185.046,16.263,"5"
"UI_F3","",1185.046,1205.885,20.839,"3"
"UI_F3","",1205.885,1216.58,10.695,"3"
"UI_F3","",1216.58,1224.876,8.296,"3"
"UI_F3","",1224.876,1235.867,10.991,"4"
"UI_F5","",155.0,163.024,8.024,"4"
"UI_F5","",163.024,174.199,11.175,"5"
"UI_F5","",174.199,185.35,11.151,"5"
"UI_F5","",185.35,197.174,11.824,"6"
"UI_F5","",197.174,200.894,3.72,"4"
"UI_F5","",200.894,215.581,14.687,"5"
"UI_F5","",215.581,231.916,16.335,"5"
"UI_F5","",231.916,242.435,10.519,"4"
"UI_F5","",242.435,253.786,11.351,"5"
"UI_F5","",253.786,268.609,14.823,"5"
"UI_F5","",268.609,282.28,13.671,"5"
"UI_F5","",282.28,295.967,13.687,"6"
"UI_F5","",295.967,302.263,6.296,"5"
"UI_F5","",302.263,308.127,5.864,"5"
"UI_F5","",308.127,315.054,6.927,"4"
"UI_F5","",315.054,321.342,6.288,"4"
"UI_F5","",321.342,329.629,8.287,"4"
"UI_F5","",329.629,341.388,11.759,"3"
"UI_F5","",341.388,350.252,8.864,"3"
"UI_F5","",350.252,362.059,11.807,"3"
"UI_F5","",362.059,375.762,13.703,"5"
"UI_F5","",375.762,388.057,12.295,"5"
"UI_F5","",388.057,402.488,14.431,"5"
"UI_F5","",402.488,410.632,8.144,"3"
"UI_F5","",410.632,420.383,9.751,"5"
"UI_F5","",420.383,433.894,13.511,"5"
"UI_F5","",433.894,443.886,9.992,"4"
"UI_F5","",443.886,456.573,12.687,"4"
"UI_F5","",456.573,474.668,18.095,"3"
"UI_F5","",474.668,486.227,11.559,"4"
"UI_F5","",486.227,500.282,14.055,"2"
"UI_F5","",500.282,509.746,9.464,"2"
"UI_F5","",509.746,516.721,6.975,"4"
"UI_F5","",516.721,529.736,13.015,"5"
"UI_F5","",529.736,552.199,22.463,"3"
"UI_F5","",552.199,560.75,8.551,"5"
"UI_F5","",560.75,570.038,9.288,"5"
"UI_F5","",570.038,579.421,9.383,"3"
"UI_F5","",579.421,593.612,14.191,"5"
"UI_F5","",593.612,613.635,20.023,"5"
"UI_F5","",613.635,630.898,17.263,"6"
"UI_F5","",630.898,645.545,14.647,"4"
"UI_F5","",645.545,656.792,11.247,"5"
"UI_F5","",656.792,670.479,13.687,"5"
"UI_F5","",670.479,689.39,18.911,"5"
"UI_F5","",689.39,693.462,4.072,"4"
"UI_F5","",693.462,703.869,10.407,"5"
"UI_F5","",703.869,710.965,7.096,"3"
"UI_F5","",710.965,722.036,11.071,"6"
"UI_F5","",722.036,732.947,10.911,"4"
"UI_F5","",732.947,738.611,5.664,"4"
"UI_F5","",738.611,746.138,7.527,"5"
"UI_F5","",746.138,763.385,17.247,"5"
"UI_F5","",763.385,779.472,16.087,"3"
"UI_F5","",779.472,790.216,10.744,"3"
"UI_F5","",790.216,809.11,18.894,"5"
"UI_F5","",809.11,828.085,18.975,"3"
"UI_F5","",828.085,839.148,11.063,"3"
"UI_F5","",839.148,847.124,7.976,"3"
"UI_F5","",847.124,868.163,21.039,"3"
"UI_F5","",868.163,878.162,9.999,"2"
"UI_F5","",878.162,909.664,31.502,"1"
"UI_F5","",909.664,916.871,7.207,"4"
"UI_F5","",916.871,924.039,7.168,"5"
"UI_F5","",924.039,935.894,11.855,"5"
"UI_F5","",935.894,954.661,18.767,"6"
"UI_F5","",954.661,970.284,15.623,"5"
"UI_F5","",970.284,980.763,10.479,"5"
"UI_F5","",980.763,989.099,8.336,"5"
"UI_F5","",989.099,999.322,10.223,"5"
"UI_F5","",999.322,1012.417,13.095,"6"
"UI_F5","",1012.417,1024.713,12.296,"3"
"UI_F5","",1024.713,1040.959,16.246,"5"
"UI_F5","",1040.959,1058.614,17.655,"5"
"UI_F5","",1058.614,1066.342,7.728,"5"
"UI_F5","",1066.342,1076.485,10.143,"3"
"UI_F5","",1076.485,1082.245,5.76,"4"
"UI_F5","",1082.245,1088.404,6.159,"4"
"UI_F5","",1088.404,1094.412,6.008,"3"
"UI_F5","",1094.412,1108.659,14.247,"5"
"UI_F5","",1108.659,1122.434,13.775,"4"
"UI_F5","",1122.434,1147.569,25.135,"3"
"UI_F5","",1147.569,1157.224,9.655,"3"
"UI_F5","",1157.224,1168.783,11.559,"3"
"UI_F5","",1168.783,1185.046,16.263,"3"
"UI_F5","",1185.046,1205.885,20.839,"2"
"UI_F5","",1205.885,1216.58,10.695,"1"
"UI_F5","",1216.58,1224.876,8.296,"1"
"UI_F5","",1224.876,1235.867,10.991,"3"
"UI_F6","",155.0,163.024,8.024,"4"
"UI_F6","",163.024,174.199,11.175,"5"
"UI_F6","",174.199,185.35,11.151,"4"
"UI_F6","",185.35,197.174,11.824,"4"
"UI_F6","",197.174,200.894,3.72,"4"
"UI_F6","",200.894,215.581,14.687,"5"
"UI_F6","",215.581,231.916,16.335,"6"
"UI_F6","",231.916,242.435,10.519,"6"
"UI_F6","",242.435,253.786,11.351,"5"
"UI_F6","",253.786,268.609,14.823,"6"
"UI_F6","",268.609,282.28,13.671,"5"
"UI_F6","",282.28,295.967,13.687,"6"
"UI_F6","",295.967,302.263,6.296,"4"
"UI_F6","",302.263,308.127,5.864,"5"
"UI_F6","",308.127,315.054,6.927,"4"
"UI_F6","",315.054,321.342,6.288,"4"
"UI_F6","",321.342,329.629,8.287,"4"
"UI_F6","",329.629,341.388,11.759,"4"
"UI_F6","",341.388,350.252,8.864,"4"
"UI_F6","",350.252,362.059,11.807,"4"
"UI_F6","",362.059,375.762,13.703,"4"
"UI_F6","",375.762,388.057,12.295,"4"
"UI_F6","",388.057,402.488,14.431,"5"
"UI_F6","",402.488,410.632,8.144,"4"
"UI_F6","",410.632,420.383,9.751,"4"
"UI_F6","",420.383,433.894,13.511,"5"
"UI_F6","",433.894,443.886,9.992,"4"
"UI_F6","",443.886,456.573,12.687,"5"
"UI_F6","",456.573,474.668,18.095,"4"
"UI_F6","",474.668,486.227,11.559,"4"
"UI_F6","",486.227,500.282,14.055,"4"
"UI_F6","",500.282,509.746,9.464,"5"
"UI_F6","",509.746,516.721,6.975,"4"
"UI_F6","",516.721,529.736,13.015,"4"
"UI_F6","",529.736,552.199,22.463,"4"
"UI_F6","",552.199,560.75,8.551,"5"
"UI_F6","",560.75,570.038,9.288,"5"
"UI_F6","",570.038,579.421,9.383,"4"
"UI_F6","",579.421,593.612,14.191,"4"
"UI_F6","",593.612,613.635,20.023,"5"
"UI_F6","",613.635,630.898,17.263,"5"
"UI_F6","",630.898,645.545,14.647,"4"
"UI_F6","",645.545,656.792,11.247,"5"
"UI_F6","",656.792,670.479,13.687,"5"
"UI_F6","",670.479,689.39,18.911,"5"
"UI_F6","",689.39,693.462,4.072,"5"
"UI_F6","",693.462,703.869,10.407,"5"
"UI_F6","",703.869,710.965,7.096,"4"
"UI_F6","",710.965,722.036,11.071,"6"
"UI_F6","",722.036,732.947,10.911,"5"
"UI_F6","",732.947,738.611,5.664,"4"
"UI_F6","",738.611,746.138,7.527,"4"
"UI_F6","",746.138,763.385,17.247,"5"
"UI_F6","",763.385,779.472,16.087,"4"
"UI_F6","",779.472,790.216,10.744,"5"
"UI_F6","",790.216,809.11,18.894,"5"
"UI_F6","",809.11,828.085,18.975,"5"
"UI_F6","",828.085,839.148,11.063,"6"
"UI_F6","",839.148,847.124,7.976,"5"
"UI_F6","",847.124,868.163,21.039,"5"
"UI_F6","",868.163,878.162,9.999,"4"
"UI_F6","",878.162,909.664,31.502,"4"
"UI_F6","",909.664,916.871,7.207,"4"
"UI_F6","",916.871,924.039,7.168,"4"
"UI_F6","",924.039,935.894,11.855,"4"
"UI_F6","",935.894,954.661,18.767,"4"
"UI_F6","",954.661,970.284,15.623,"5"
"UI_F6","",970.284,980.763,10.479,"5"
"UI_F6","",980.763,989.099,8.336,"4"
"UI_F6","",989.099,999.322,10.223,"5"
"UI_F6","",999.322,1012.417,13.095,"5"
"UI_F6","",1012.417,1024.713,12.296,"4"
"UI_F6","",1024.713,1040.959,16.246,"5"
"UI_F6","",1040.959,1058.614,17.655,"5"
"UI_F6","",1058.614,1066.342,7.728,"4"
"UI_F6","",1066.342,1076.485,10.143,"4"
"UI_F6","",1076.485,1082.245,5.76,"4"
"UI_F6","",1082.245,1088.404,6.159,"4"
"UI_F6","",1088.404,1094.412,6.008,"4"
"UI_F6","",1094.412,1108.659,14.247,"4"
"UI_F6","",1108.659,1122.434,13.775,"4"
"UI_F6","",1122.434,1147.569,25.135,"4"
"UI_F6","",1147.569,1157.224,9.655,"4"
"UI_F6","",1157.224,1168.783,11.559,"4"
"UI_F6","",1168.783,1185.046,16.263,"4"
"UI_F6","",1185.046,1205.885,20.839,"4"
"UI_F6","",1205.885,1216.58,10.695,"3"
"UI_F6","",1216.58,1224.876,8.296,"3"
"UI_F6","",1224.876,1235.867,10.991,"5"
"UI_M1","",155.0,163.024,8.024,"4"
"UI_M1","",163.024,174.199,11.175,"5"
"UI_M1","",174.199,185.35,11.151,"5"
"UI_M1","",185.35,197.174,11.824,"5"
"UI_M1","",197.174,200.894,3.72,"4"
"UI_M1","",200.894,215.581,14.687,"5"
"UI_M1","",215.581,231.916,16.335,"5"
"UI_M1","",231.916,242.435,10.519,"5"
"UI_M1","",242.435,253.786,11.351,"5"
"UI_M1","",253.786,268.609,14.823,"5"
"UI_M1","",268.609,282.28,13.671,"5"
"UI_M1","",282.28,295.967,13.687,"5"
"UI_M1","",295.967,302.263,6.296,"5"
"UI_M1","",302.263,308.127,5.864,"5"
"UI_M1","",308.127,315.054,6.927,"4"
"UI_M1","",315.054,321.342,6.288,"4"
"UI_M1","",321.342,329.629,8.287,"4"
"UI_M1","",329.629,341.388,11.759,"4"
"UI_M1","",341.388,350.252,8.864,"5"
"UI_M1","",350.252,362.059,11.807,"5"
"UI_M1","",362.059,375.762,13.703,"5"
"UI_M1","",375.762,388.057,12.295,"5"
"UI_M1","",388.057,402.488,14.431,"5"
"UI_M1","",402.488,410.632,8.144,"5"
"UI_M1","",410.632,420.383,9.751,"5"
"UI_M1","",420.383,433.894,13.511,"5"
"UI_M1","",433.894,443.886,9.992,"4"
"UI_M1","",443.886,456.573,12.687,"5"
"UI_M1","",456.573,474.668,18.095,"4"
"UI_M1","",474.668,486.227,11.559,"3"
"UI_M1","",486.227,500.282,14.055,"3"
"UI_M1","",500.282,509.746,9.464,"4"
"UI_M1","",509.746,516.721,6.975,"4"
"UI_M1","",516.721,529.736,13.015,"5"
"UI_M1","",529.736,552.199,22.463,"5"
"UI_M1","",552.199,560.75,8.551,"5"
"UI_M1","",560.75,570.038,9.288,"5"
"UI_M1","",570.038,579.421,9.383,"5"
"UI_M1","",579.421,593.612,14.191,"5"
"UI_M1","",593.612,613.635,20.023,"5"
"UI_M1","",613.635,630.898,17.263,"5"
"UI_M1","",630.898,645.545,14.647,"4"
"UI_M1","",645.545,656.792,11.247,"5"
"UI_M1","",656.792,670.479,13.687,"5"
"UI_M1","",670.479,689.39,18.911,"5"
"UI_M1","",689.39,693.462,4.072,"4"
"UI_M1","",693.462,703.869,10.407,"5"
"UI_M1","",703.869,710.965,7.096,"4"
"UI_M1","",710.965,722.036,11.071,"5"
"UI_M1","",722.036,732.947,10.911,"5"
"UI_M1","",732.947,738.611,5.664,"4"
"UI_M1","",738.611,746.138,7.527,"5"
"UI_M1","",746.138,763.385,17.247,"5"
"UI_M1","",763.385,779.472,16.087,"5"
"UI_M1","",779.472,790.216,10.744,"5"
"UI_M1","",790.216,809.11,18.894,"5"
"UI_M1","",809.11,828.085,18.975,"5"
"UI_M1","",828.085,839.148,11.063,"5"
"UI_M1","",839.148,847.124,7.976,"5"
"UI_M1","",847.124,868.163,21.039,"5"
"UI_M1","",868.163,878.162,9.999,"5"
"UI_M1","",878.162,909.664,31.502,"5"
"UI_M1","",909.664,916.871,7.207,"4"
"UI_M1","",916.871,924.039,7.168,"5"
"UI_M1","",924.039,935.894,11.855,"5"
"UI_M1","",935.894,954.661,18.767,"5"
"UI_M1","",954.661,970.284,15.623,"5"
"UI_M1","",970.284,980.763,10.479,"5"
"UI_M1","",980.763,989.099,8.336,"5"
"UI_M1","",989.099,999.322,10.223,"5"
"UI_M1","",999.322,1012.417,13.095,"5"
"UI_M1","",1012.417,1024.713,12.296,"4"
"UI_M1","",1024.713,1040.959,16.246,"5"
"UI_M1","",1040.959,1058.614,17.655,"5"
"UI_M1","",1058.614,1066.342,7.728,"5"
"UI_M1","",1066.342,1076.485,10.143,"4"
"UI_M1","",1076.485,1082.245,5.76,"4"
"UI_M1","",1082.245,1088.404,6.159,"4"
"UI_M1","",1088.404,1094.412,6.008,"4"
"UI_M1","",1094.412,1108.659,14.247,"5"
"UI_M1","",1108.659,1122.434,13.775,"5"
"UI_M1","",1122.434,1147.569,25.135,"5"
"UI_M1","",1147.569,1157.224,9.655,"4"
"UI_M1","",1157.224,1168.783,11.559,"4"
"UI_M1","",1168.783,1185.046,16.263,"5"
"UI_M1","",1185.046,1205.885,20.839,"4"
"UI_M1","",1205.885,1216.58,10.695,"3"
"UI_M1","",1216.58,1224.876,8.296,"4"
"UI_M1","",1224.876,1235.867,10.991,"5"
"TC_F1","",155.0,163.024,8.024,"4"
"TC_F1","",163.024,174.199,11.175,"5"
"TC_F1","",174.199,185.35,11.151,"5"
"TC_F1","",185.35,197.174,11.824,"5"
"TC_F1","",197.174,200.894,3.72,"4"
"TC_F1","",200.894,215.581,14.687,"5"
"TC_F1","",215.581,231.916,16.335,"5"
"TC_F1","",231.916,242.435,10.519,"3"
"TC_F1","",242.435,253.786,11.351,"4"
"TC_F1","",253.786,268.609,14.823,"5"
"TC_F1","",268.609,282.28,13.671,"5"
"TC_F1","",282.28,295.967,13.687,"5"
"TC_F1","",295.967,302.263,6.296,"5"
"TC_F1","",302.263,308.127,5.864,"4"
"TC_F1","",308.127,315.054,6.927,"4"
"TC_F1","",315.054,321.342,6.288,"4"
"TC_F1","",321.342,329.629,8.287,"3"
"TC_F1","",329.629,341.388,11.759,"4"
"TC_F1","",341.388,350.252,8.864,"4"
"TC_F1","",350.252,362.059,11.807,"5"
"TC_F1","",362.059,375.762,13.703,"5"
"TC_F1","",375.762,388.057,12.295,"5"
"TC_F1","",388.057,402.488,14.431,"5"
"TC_F1","",402.488,410.632,8.144,"2"
"TC_F1","",410.632,420.383,9.751,"4"
"TC_F1","",420.383,433.894,13.511,"5"
"TC_F1","",433.894,443.886,9.992,"4"
"TC_F1","",443.886,456.573,12.687,"5"
"TC_F1","",456.573,474.668,18.095,"3"
"TC_F1","",474.668,486.227,11.559,"3"
"TC_F1","",486.227,500.282,14.055,"2"
"TC_F1","",500.282,509.746,9.464,"2"
"TC_F1","",509.746,516.721,6.975,"4"
"TC_F1","",516.721,529.736,13.015,"5"
"TC_F1","",529.736,552.199,22.463,"5"
"TC_F1","",552.199,560.75,8.551,"5"
"TC_F1","",560.75,570.038,9.288,"4"
"TC_F1","",570.038,579.421,9.383,"5"
"TC_F1","",579.421,593.612,14.191,"5"
"TC_F1","",593.612,613.635,20.023,"5"
"TC_F1","",613.635,630.898,17.263,"5"
"TC_F1","",630.898,645.545,14.647,"2"
"TC_F1","",645.545,656.792,11.247,"5"
"TC_F1","",656.792,670.479,13.687,"5"
"TC_F1","",670.479,689.39,18.911,"5"
"TC_F1","",689.39,693.462,4.072,"4"
"TC_F1","",693.462,703.869,10.407,"5"
"TC_F1","",703.869,710.965,7.096,"4"
"TC_F1","",710.965,722.036,11.071,"5"
"TC_F1","",722.036,732.947,10.911,"4"
"TC_F1","",732.947,738.611,5.664,"4"
"TC_F1","",738.611,746.138,7.527,"5"
"TC_F1","",746.138,763.385,17.247,"5"
"TC_F1","",763.385,779.472,16.087,"5"
"TC_F1","",779.472,790.216,10.744,"3"
"TC_F1","",790.216,809.11,18.894,"5"
"TC_F1","",809.11,828.085,18.975,"4"
"TC_F1","",828.085,839.148,11.063,"4"
"TC_F1","",839.148,847.124,7.976,"4"
"TC_F1","",847.124,868.163,21.039,"4"
"TC_F1","",868.163,878.162,9.999,"5"
"TC_F1","",878.162,909.664,31.502,"4"
"TC_F1","",909.664,916.871,7.207,"4"
"TC_F1","",916.871,924.039,7.168,"5"
"TC_F1","",924.039,935.894,11.855,"5"
"TC_F1","",935.894,954.661,18.767,"5"
"TC_F1","",954.661,970.284,15.623,"5"
"TC_F1","",970.284,980.763,10.479,"5"
"TC_F1","",980.763,989.099,8.336,"5"
"TC_F1","",989.099,999.322,10.223,"5"
"TC_F1","",999.322,1012.417,13.095,"5"
"TC_F1","",1012.417,1024.713,12.296,"5"
"TC_F1","",1024.713,1040.959,16.246,"5"
"TC_F1","",1040.959,1058.614,17.655,"5"
"TC_F1","",1058.614,1066.342,7.728,"5"
"TC_F1","",1066.342,1076.485,10.143,"4"
"TC_F1","",1076.485,1082.245,5.76,"4"
"TC_F1","",1082.245,1088.404,6.159,"4"
"TC_F1","",1088.404,1094.412,6.008,"4"
"TC_F1","",1094.412,1108.659,14.247,"4"
"TC_F1","",1108.659,1122.434,13.775,"5"
"TC_F1","",1122.434,1147.569,25.135,"4"
"TC_F1","",1147.569,1157.224,9.655,"3"
"TC_F1","",1157.224,1168.783,11.559,"3"
"TC_F1","",1168.783,1185.046,16.263,"4"
"TC_F1","",1185.046,1205.885,20.839,"2"
"TC_F1","",1205.885,1216.58,10.695,"3"
"TC_F1","",1216.58,1224.876,8.296,"2"
"TC_F1","",1224.876,1235.867,10.991,"2"
"TC_F1_（自由記述）","",253.786,268.609,14.823,"見てみたいですか？"
"TC_F1_（自由記述）","",362.059,375.762,13.703,"それはどんなゲームですか？"
"TC_F1_（自由記述）","",570.038,579.421,9.383,"最近のおすすめはありますか？"
"TC_F1_（自由記述）","",693.462,703.869,10.407,"興味がありますか？"
"TC_F1_（自由記述）","",746.138,763.385,17.247,"バラエティー番組がお好きなのですね"
"TC_F1_（自由記述）","",954.661,970.284,15.623,"何系のパンが好きなのですか？"
"TC_F2","",155.0,163.024,8.024,"4"
"TC_F2","",163.024,174.199,11.175,"5"
"TC_F2","",174.199,185.35,11.151,"4"
"TC_F2","",185.35,197.174,11.824,"4"
"TC_F2","",197.174,200.894,3.72,"3"
"TC_F2","",200.894,215.581,14.687,"4"
"TC_F2","",215.581,231.916,16.335,"4"
"TC_F2","",231.916,242.435,10.519,"3"
"TC_F2","",242.435,253.786,11.351,"3"
"TC_F2","",253.786,268.609,14.823,"4"
"TC_F2","",268.609,282.28,13.671,"3"
"TC_F2","",282.28,295.967,13.687,"4"
"TC_F2","",295.967,302.263,6.296,"4"
"TC_F2","",302.263,308.127,5.864,"4"
"TC_F2","",308.127,315.054,6.927,"2"
"TC_F2","",315.054,321.342,6.288,"4"
"TC_F2","",321.342,329.629,8.287,"5"
"TC_F2","",329.629,341.388,11.759,"4"
"TC_F2","",341.388,350.252,8.864,"4"
"TC_F2","",350.252,362.059,11.807,"5"
"TC_F2","",362.059,375.762,13.703,"4"
"TC_F2","",375.762,388.057,12.295,"4"
"TC_F2","",388.057,402.488,14.431,"4"
"TC_F2","",402.488,410.632,8.144,"3"
"TC_F2","",410.632,420.383,9.751,"3"
"TC_F2","",420.383,433.894,13.511,"4"
"TC_F2","",433.894,443.886,9.992,"4"
"TC_F2","",443.886,456.573,12.687,"4"
"TC_F2","",456.573,474.668,18.095,"5"
"TC_F2","",474.668,486.227,11.559,"4"
"TC_F2","",486.227,500.282,14.055,"4"
"TC_F2","",500.282,509.746,9.464,"3"
"TC_F2","",509.746,516.721,6.975,"4"
"TC_F2","",516.721,529.736,13.015,"4"
"TC_F2","",529.736,552.199,22.463,"4"
"TC_F2","",552.199,560.75,8.551,"4"
"TC_F2","",560.75,570.038,9.288,"4"
"TC_F2","",570.038,579.421,9.383,"5"
"TC_F2","",579.421,593.612,14.191,"5"
"TC_F2","",593.612,613.635,20.023,"4"
"TC_F2","",613.635,630.898,17.263,"4"
"TC_F2","",630.898,645.545,14.647,"2"
"TC_F2","",645.545,656.792,11.247,"4"
"TC_F2","",656.792,670.479,13.687,"4"
"TC_F2","",670.479,689.39,18.911,"3"
"TC_F2","",689.39,693.462,4.072,"2"
"TC_F2","",693.462,703.869,10.407,"3"
"TC_F2","",703.869,710.965,7.096,"4"
"TC_F2","",710.965,722.036,11.071,"4"
"TC_F2","",722.036,732.947,10.911,"3"
"TC_F2","",732.947,738.611,5.664,"4"
"TC_F2","",738.611,746.138,7.527,"5"
"TC_F2","",746.138,763.385,17.247,"4"
"TC_F2","",763.385,779.472,16.087,"4"
"TC_F2","",779.472,790.216,10.744,"3"
"TC_F2","",790.216,809.11,18.894,"4"
"TC_F2","",809.11,828.085,18.975,"4"
"TC_F2","",828.085,839.148,11.063,"3"
"TC_F2","",839.148,847.124,7.976,"3"
"TC_F2","",847.124,868.163,21.039,"4"
"TC_F2","",868.163,878.162,9.999,"4"
"TC_F2","",878.162,909.664,31.502,"4"
"TC_F2","",909.664,916.871,7.207,"4"
"TC_F2","",916.871,924.039,7.168,"4"
"TC_F2","",924.039,935.894,11.855,"4"
"TC_F2","",935.894,954.661,18.767,"5"
"TC_F2","",954.661,970.284,15.623,"4"
"TC_F2","",970.284,980.763,10.479,"5"
"TC_F2","",980.763,989.099,8.336,"4"
"TC_F2","",989.099,999.322,10.223,"3"
"TC_F2","",999.322,1012.417,13.095,"4"
"TC_F2","",1012.417,1024.713,12.296,"3"
"TC_F2","",1024.713,1040.959,16.246,"4"
"TC_F2","",1040.959,1058.614,17.655,"4"
"TC_F2","",1058.614,1066.342,7.728,"4"
"TC_F2","",1066.342,1076.485,10.143,"3"
"TC_F2","",1076.485,1082.245,5.76,"4"
"TC_F2","",1082.245,1088.404,6.159,"4"
"TC_F2","",1088.404,1094.412,6.008,"4"
"TC_F2","",1094.412,1108.659,14.247,"4"
"TC_F2","",1108.659,1122.434,13.775,"4"
"TC_F2","",1122.434,1147.569,25.135,"4"
"TC_F2","",1147.569,1157.224,9.655,"3"
"TC_F2","",1157.224,1168.783,11.559,"3"
"TC_F2","",1168.783,1185.046,16.263,"2"
"TC_F2","",1185.046,1205.885,20.839,"3"
"TC_F2","",1205.885,1216.58,10.695,"2"
"TC_F2","",1216.58,1224.876,8.296,"3"
"TC_F2","",1224.876,1235.867,10.991,"3"
"TC_F2_（自由記述）","",163.024,174.199,11.175,"一年前によく見ていた作品はなんですか？"
"TC_F2_（自由記述）","",321.342,329.629,8.287,"元々ゲームは好きではないのですか？"
"TC_F2_（自由記述）","",350.252,362.059,11.807,"プレイして楽しかったゲームはありますか？"
"TC_F2_（自由記述）","",456.573,474.668,18.095,"この中で興味のあるゲームはありますか？"
"TC_F2_（自由記述）","",570.038,579.421,9.383,"邦画で印象に残っている作品は？"
"TC_F2_（自由記述）","",579.421,593.612,14.191,"どのようなストーリーですか？"
"TC_F2_（自由記述）","",738.611,746.138,7.527,"お好きなテレビ番組は？"
"TC_F2_（自由記述）","",935.894,954.661,18.767,"すきなパンのタイプはなんですか？"
"TC_F2_（自由記述）","",970.284,980.763,10.479,"それはどこのお店ですか？"
"TC_F3","",155.0,163.024,8.024,"4"
"TC_F3","",163.024,174.199,11.175,"5"
"TC_F3","",174.199,185.35,11.151,"5"
"TC_F3","",185.35,197.174,11.824,"5"
"TC_F3","",197.174,200.894,3.72,"4"
"TC_F3","",200.894,215.581,14.687,"5"
"TC_F3","",215.581,231.916,16.335,"6"
"TC_F3","",231.916,242.435,10.519,"4"
"TC_F3","",242.435,253.786,11.351,"4"
"TC_F3","",253.786,268.609,14.823,"4"
"TC_F3","",268.609,282.28,13.671,"5"
"TC_F3","",282.28,295.967,13.687,"5"
"TC_F3","",295.967,302.263,6.296,"4"
"TC_F3","",302.263,308.127,5.864,"4"
"TC_F3","",308.127,315.054,6.927,"4"
"TC_F3","",315.054,321.342,6.288,"4"
"TC_F3","",321.342,329.629,8.287,"4"
"TC_F3","",329.629,341.388,11.759,"5"
"TC_F3","",341.388,350.252,8.864,"5"
"TC_F3","",350.252,362.059,11.807,"5"
"TC_F3","",362.059,375.762,13.703,"6"
"TC_F3","",375.762,388.057,12.295,"4"
"TC_F3","",388.057,402.488,14.431,"5"
"TC_F3","",402.488,410.632,8.144,"4"
"TC_F3","",410.632,420.383,9.751,"4"
"TC_F3","",420.383,433.894,13.511,"5"
"TC_F3","",433.894,443.886,9.992,"4"
"TC_F3","",443.886,456.573,12.687,"5"
"TC_F3","",456.573,474.668,18.095,"4"
"TC_F3","",474.668,486.227,11.559,"4"
"TC_F3","",486.227,500.282,14.055,"3"
"TC_F3","",500.282,509.746,9.464,"4"
"TC_F3","",509.746,516.721,6.975,"4"
"TC_F3","",516.721,529.736,13.015,"4"
"TC_F3","",529.736,552.199,22.463,"5"
"TC_F3","",552.199,560.75,8.551,"5"
"TC_F3","",560.75,570.038,9.288,"4"
"TC_F3","",570.038,579.421,9.383,"4"
"TC_F3","",579.421,593.612,14.191,"5"
"TC_F3","",593.612,613.635,20.023,"5"
"TC_F3","",613.635,630.898,17.263,"6"
"TC_F3","",630.898,645.545,14.647,"4"
"TC_F3","",645.545,656.792,11.247,"4"
"TC_F3","",656.792,670.479,13.687,"5"
"TC_F3","",670.479,689.39,18.911,"6"
"TC_F3","",689.39,693.462,4.072,"4"
"TC_F3","",693.462,703.869,10.407,"4"
"TC_F3","",703.869,710.965,7.096,"4"
"TC_F3","",710.965,722.036,11.071,"6"
"TC_F3","",722.036,732.947,10.911,"4"
"TC_F3","",732.947,738.611,5.664,"4"
"TC_F3","",738.611,746.138,7.527,"5"
"TC_F3","",746.138,763.385,17.247,"5"
"TC_F3","",763.385,779.472,16.087,"4"
"TC_F3","",779.472,790.216,10.744,"4"
"TC_F3","",790.216,809.11,18.894,"5"
"TC_F3","",809.11,828.085,18.975,"3"
"TC_F3","",828.085,839.148,11.063,"3"
"TC_F3","",839.148,847.124,7.976,"3"
"TC_F3","",847.124,868.163,21.039,"4"
"TC_F3","",868.163,878.162,9.999,"3"
"TC_F3","",878.162,909.664,31.502,"2"
"TC_F3","",909.664,916.871,7.207,"4"
"TC_F3","",916.871,924.039,7.168,"5"
"TC_F3","",924.039,935.894,11.855,"4"
"TC_F3","",935.894,954.661,18.767,"4"
"TC_F3","",954.661,970.284,15.623,"5"
"TC_F3","",970.284,980.763,10.479,"5"
"TC_F3","",980.763,989.099,8.336,"6"
"TC_F3","",989.099,999.322,10.223,"4"
"TC_F3","",999.322,1012.417,13.095,"5"
"TC_F3","",1012.417,1024.713,12.296,"4"
"TC_F3","",1024.713,1040.959,16.246,"5"
"TC_F3","",1040.959,1058.614,17.655,"5"
"TC_F3","",1058.614,1066.342,7.728,"5"
"TC_F3","",1066.342,1076.485,10.143,"4"
"TC_F3","",1076.485,1082.245,5.76,"4"
"TC_F3","",1082.245,1088.404,6.159,"4"
"TC_F3","",1088.404,1094.412,6.008,"3"
"TC_F3","",1094.412,1108.659,14.247,"5"
"TC_F3","",1108.659,1122.434,13.775,"6"
"TC_F3","",1122.434,1147.569,25.135,"5"
"TC_F3","",1147.569,1157.224,9.655,"4"
"TC_F3","",1157.224,1168.783,11.559,"4"
"TC_F3","",1168.783,1185.046,16.263,"5"
"TC_F3","",1185.046,1205.885,20.839,"3"
"TC_F3","",1205.885,1216.58,10.695,"3"
"TC_F3","",1216.58,1224.876,8.296,"3"
"TC_F3","",1224.876,1235.867,10.991,"4"
"TC_F3_（自由記述）","",174.199,185.35,11.151,"どんなアニメを見ていたんですか"
"TC_F3_（自由記述）","",200.894,215.581,14.687,"凄く斬新な設定ですね"
"TC_F3_（自由記述）","",362.059,375.762,13.703,"それはどんなゲームなんですか"
"TC_F3_（自由記述）","",420.383,433.894,13.511,"モンスターハンターのゲームは好きでしたか"
"TC_F3_（自由記述）","",579.421,593.612,14.191,"どんなストーリーなんですか"
"TC_F3_（自由記述）","",613.635,630.898,17.263,"どんな俳優さんが出演されてたんですか"
"TC_F3_（自由記述）","",670.479,689.39,18.911,"そうですね、この映画を見てみたいですか"
"TC_F3_（自由記述）","",738.611,746.138,7.527,"どんな番組を見ていますか"
"TC_F3_（自由記述）","",746.138,763.385,17.247,"バラエティ番組ですね"
"TC_F3_（自由記述）","",790.216,809.11,18.894,"めちゃめちゃイケてるは見てますか"
"TC_F3_（自由記述）","",916.871,924.039,7.168,"どんなスィーツが好きですか"
"TC_F3_（自由記述）","",1040.959,1058.614,17.655,"どんなスィーツを買いますか"
"TC_F3_（自由記述）","",1094.412,1108.659,14.247,"どんなドラマだったんですか"
"TC_F3_（自由記述）","",1108.659,1122.434,13.775,"面白そうですね"
"TC_F4","",155.0,163.024,8.024,"4"
"TC_F4","",163.024,174.199,11.175,"6"
"TC_F4","",174.199,185.35,11.151,"7"
"TC_F4","",185.35,197.174,11.824,"7"
"TC_F4","",197.174,200.894,3.72,"4"
"TC_F4","",200.894,215.581,14.687,"6"
"TC_F4","",215.581,231.916,16.335,"6"
"TC_F4","",231.916,242.435,10.519,"2"
"TC_F4","",242.435,253.786,11.351,"5"
"TC_F4","",253.786,268.609,14.823,"6"
"TC_F4","",268.609,282.28,13.671,"7"
"TC_F4","",282.28,295.967,13.687,"6"
"TC_F4","",295.967,302.263,6.296,"6"
"TC_F4","",302.263,308.127,5.864,"5"
"TC_F4","",308.127,315.054,6.927,"3"
"TC_F4","",315.054,321.342,6.288,"4"
"TC_F4","",321.342,329.629,8.287,"3"
"TC_F4","",329.629,341.388,11.759,"5"
"TC_F4","",341.388,350.252,8.864,"5"
"TC_F4","",350.252,362.059,11.807,"5"
"TC_F4","",362.059,375.762,13.703,"6"
"TC_F4","",375.762,388.057,12.295,"6"
"TC_F4","",388.057,402.488,14.431,"5"
"TC_F4","",402.488,410.632,8.144,"1"
"TC_F4","",410.632,420.383,9.751,"4"
"TC_F4","",420.383,433.894,13.511,"5"
"TC_F4","",433.894,443.886,9.992,"5"
"TC_F4","",443.886,456.573,12.687,"5"
"TC_F4","",456.573,474.668,18.095,"3"
"TC_F4","",474.668,486.227,11.559,"2"
"TC_F4","",486.227,500.282,14.055,"1"
"TC_F4","",500.282,509.746,9.464,"1"
"TC_F4","",509.746,516.721,6.975,"4"
"TC_F4","",516.721,529.736,13.015,"6"
"TC_F4","",529.736,552.199,22.463,"5"
"TC_F4","",552.199,560.75,8.551,"5"
"TC_F4","",560.75,570.038,9.288,"5"
"TC_F4","",570.038,579.421,9.383,"6"
"TC_F4","",579.421,593.612,14.191,"7"
"TC_F4","",593.612,613.635,20.023,"5"
"TC_F4","",613.635,630.898,17.263,"5"
"TC_F4","",630.898,645.545,14.647,"4"
"TC_F4","",645.545,656.792,11.247,"5"
"TC_F4","",656.792,670.479,13.687,"5"
"TC_F4","",670.479,689.39,18.911,"5"
"TC_F4","",689.39,693.462,4.072,"4"
"TC_F4","",693.462,703.869,10.407,"5"
"TC_F4","",703.869,710.965,7.096,"3"
"TC_F4","",710.965,722.036,11.071,"3"
"TC_F4","",722.036,732.947,10.911,"1"
"TC_F4","",732.947,738.611,5.664,"4"
"TC_F4","",738.611,746.138,7.527,"6"
"TC_F4","",746.138,763.385,17.247,"6"
"TC_F4","",763.385,779.472,16.087,"6"
"TC_F4","",779.472,790.216,10.744,"6"
"TC_F4","",790.216,809.11,18.894,"6"
"TC_F4","",809.11,828.085,18.975,"5"
"TC_F4","",828.085,839.148,11.063,"3"
"TC_F4","",839.148,847.124,7.976,"5"
"TC_F4","",847.124,868.163,21.039,"5"
"TC_F4","",868.163,878.162,9.999,"6"
"TC_F4","",878.162,909.664,31.502,"3"
"TC_F4","",909.664,916.871,7.207,"4"
"TC_F4","",916.871,924.039,7.168,"6"
"TC_F4","",924.039,935.894,11.855,"6"
"TC_F4","",935.894,954.661,18.767,"7"
"TC_F4","",954.661,970.284,15.623,"6"
"TC_F4","",970.284,980.763,10.479,"6"
"TC_F4","",980.763,989.099,8.336,"6"
"TC_F4","",989.099,999.322,10.223,"2"
"TC_F4","",999.322,1012.417,13.095,"6"
"TC_F4","",1012.417,1024.713,12.296,"4"
"TC_F4","",1024.713,1040.959,16.246,"5"
"TC_F4","",1040.959,1058.614,17.655,"5"
"TC_F4","",1058.614,1066.342,7.728,"6"
"TC_F4","",1066.342,1076.485,10.143,"6"
"TC_F4","",1076.485,1082.245,5.76,"4"
"TC_F4","",1082.245,1088.404,6.159,"5"
"TC_F4","",1088.404,1094.412,6.008,"5"
"TC_F4","",1094.412,1108.659,14.247,"6"
"TC_F4","",1108.659,1122.434,13.775,"6"
"TC_F4","",1122.434,1147.569,25.135,"5"
"TC_F4","",1147.569,1157.224,9.655,"1"
"TC_F4","",1157.224,1168.783,11.559,"4"
"TC_F4","",1168.783,1185.046,16.263,"5"
"TC_F4","",1185.046,1205.885,20.839,"2"
"TC_F4","",1205.885,1216.58,10.695,"3"
"TC_F4","",1216.58,1224.876,8.296,"2"
"TC_F4","",1224.876,1235.867,10.991,"1"
"TC_F4_（自由記述）","",174.199,185.35,11.151,"アニメと漫画どちらが好きですか？"
"TC_F4_（自由記述）","",433.894,443.886,9.992,"以前買われたことがあるんですね。最新作には興味がありますか？"
"TC_F4_（自由記述）","",560.75,570.038,9.288,"そうなんですね。普段からよく映画を観るんですか？"
"TC_F4_（自由記述）","",763.385,779.472,16.087,"ではバラエティー番組をよく見られるんですね？"
"TC_F4_（自由記述）","",779.472,790.216,10.744,"おすすめのバラエティー番組はありますか？"
"TC_F4_（自由記述）","",924.039,935.894,11.855,"どんなスイーツが好きですか？"
"TC_F4_（自由記述）","",954.661,970.284,15.623,"それは面白そうですね？今まで行った中でおすすめのお店はありますか？"
"TC_F4_（自由記述）","",980.763,989.099,8.336,"その時どんな種類のものを購入されたんですか？"
"TC_F4_（自由記述）","",1040.959,1058.614,17.655,"コンビニでスイーツを買った事はありますか？"
"TC_F4_（自由記述）","",1066.342,1076.485,10.143,"買って美味しかったものはありますか？"
"TC_F5","",155.0,163.024,8.024,"4"
"TC_F5","",163.024,174.199,11.175,"6"
"TC_F5","",174.199,185.35,11.151,"6"
"TC_F5","",185.35,197.174,11.824,"6"
"TC_F5","",197.174,200.894,3.72,"5"
"TC_F5","",200.894,215.581,14.687,"6"
"TC_F5","",215.581,231.916,16.335,"6"
"TC_F5","",231.916,242.435,10.519,"4"
"TC_F5","",242.435,253.786,11.351,"5"
"TC_F5","",253.786,268.609,14.823,"6"
"TC_F5","",268.609,282.28,13.671,"5"
"TC_F5","",282.28,295.967,13.687,"5"
"TC_F5","",295.967,302.263,6.296,"4"
"TC_F5","",302.263,308.127,5.864,"4"
"TC_F5","",308.127,315.054,6.927,"3"
"TC_F5","",315.054,321.342,6.288,"4"
"TC_F5","",321.342,329.629,8.287,"4"
"TC_F5","",329.629,341.388,11.759,"4"
"TC_F5","",341.388,350.252,8.864,"5"
"TC_F5","",350.252,362.059,11.807,"5"
"TC_F5","",362.059,375.762,13.703,"6"
"TC_F5","",375.762,388.057,12.295,"6"
"TC_F5","",388.057,402.488,14.431,"6"
"TC_F5","",402.488,410.632,8.144,"4"
"TC_F5","",410.632,420.383,9.751,"4"
"TC_F5","",420.383,433.894,13.511,"5"
"TC_F5","",433.894,443.886,9.992,"5"
"TC_F5","",443.886,456.573,12.687,"5"
"TC_F5","",456.573,474.668,18.095,"4"
"TC_F5","",474.668,486.227,11.559,"4"
"TC_F5","",486.227,500.282,14.055,"3"
"TC_F5","",500.282,509.746,9.464,"2"
"TC_F5","",509.746,516.721,6.975,"4"
"TC_F5","",516.721,529.736,13.015,"6"
"TC_F5","",529.736,552.199,22.463,"5"
"TC_F5","",552.199,560.75,8.551,"6"
"TC_F5","",560.75,570.038,9.288,"4"
"TC_F5","",570.038,579.421,9.383,"4"
"TC_F5","",579.421,593.612,14.191,"7"
"TC_F5","",593.612,613.635,20.023,"6"
"TC_F5","",613.635,630.898,17.263,"6"
"TC_F5","",630.898,645.545,14.647,"3"
"TC_F5","",645.545,656.792,11.247,"5"
"TC_F5","",656.792,670.479,13.687,"5"
"TC_F5","",670.479,689.39,18.911,"5"
"TC_F5","",689.39,693.462,4.072,"4"
"TC_F5","",693.462,703.869,10.407,"4"
"TC_F5","",703.869,710.965,7.096,"4"
"TC_F5","",710.965,722.036,11.071,"5"
"TC_F5","",722.036,732.947,10.911,"3"
"TC_F5","",732.947,738.611,5.664,"4"
"TC_F5","",738.611,746.138,7.527,"5"
"TC_F5","",746.138,763.385,17.247,"6"
"TC_F5","",763.385,779.472,16.087,"6"
"TC_F5","",779.472,790.216,10.744,"4"
"TC_F5","",790.216,809.11,18.894,"5"
"TC_F5","",809.11,828.085,18.975,"4"
"TC_F5","",828.085,839.148,11.063,"4"
"TC_F5","",839.148,847.124,7.976,"4"
"TC_F5","",847.124,868.163,21.039,"4"
"TC_F5","",868.163,878.162,9.999,"2"
"TC_F5","",878.162,909.664,31.502,"1"
"TC_F5","",909.664,916.871,7.207,"4"
"TC_F5","",916.871,924.039,7.168,"5"
"TC_F5","",924.039,935.894,11.855,"6"
"TC_F5","",935.894,954.661,18.767,"6"
"TC_F5","",954.661,970.284,15.623,"5"
"TC_F5","",970.284,980.763,10.479,"6"
"TC_F5","",980.763,989.099,8.336,"6"
"TC_F5","",989.099,999.322,10.223,"4"
"TC_F5","",999.322,1012.417,13.095,"5"
"TC_F5","",1012.417,1024.713,12.296,"4"
"TC_F5","",1024.713,1040.959,16.246,"4"
"TC_F5","",1040.959,1058.614,17.655,"4"
"TC_F5","",1058.614,1066.342,7.728,"5"
"TC_F5","",1066.342,1076.485,10.143,"3"
"TC_F5","",1076.485,1082.245,5.76,"4"
"TC_F5","",1082.245,1088.404,6.159,"4"
"TC_F5","",1088.404,1094.412,6.008,"5"
"TC_F5","",1094.412,1108.659,14.247,"5"
"TC_F5","",1108.659,1122.434,13.775,"6"
"TC_F5","",1122.434,1147.569,25.135,"5"
"TC_F5","",1147.569,1157.224,9.655,"4"
"TC_F5","",1157.224,1168.783,11.559,"3"
"TC_F5","",1168.783,1185.046,16.263,"3"
"TC_F5","",1185.046,1205.885,20.839,"2"
"TC_F5","",1205.885,1216.58,10.695,"2"
"TC_F5","",1216.58,1224.876,8.296,"1"
"TC_F5","",1224.876,1235.867,10.991,"2"
"TC_F5_（自由記述）","",163.024,174.199,11.175,"その頃はどんなアニメを見ていたのですか？"
"TC_F5_（自由記述）","",185.35,197.174,11.824,"知りません。それはどんな話なのですか？"
"TC_F5_（自由記述）","",200.894,215.581,14.687,"戦争の話なのですか？"
"TC_F5_（自由記述）","",253.786,268.609,14.823,"新しいメジャーも見てみたいですか？"
"TC_F5_（自由記述）","",341.388,350.252,8.864,"ポケモン以外でやったことのあるゲームはありますか？"
"TC_F5_（自由記述）","",362.059,375.762,13.703,"最近新しいのが出たようですよ。やってみてはいかがですか？"
"TC_F5_（自由記述）","",388.057,402.488,14.431,"どんなキャラクターを使っていたのですか？"
"TC_F5_（自由記述）","",420.383,433.894,13.511,"もうモンハンはやらないのですか？"
"TC_F5_（自由記述）","",516.721,529.736,13.015,"どんな内容の映画ですか？"
"TC_F5_（自由記述）","",529.736,552.199,22.463,"誰が出ているのですか？"
"TC_F5_（自由記述）","",552.199,560.75,8.551,"ミニヨンは人間なのですか？"
"TC_F5_（自由記述）","",579.421,593.612,14.191,"面白そうなタイトルですね。どんな話なのですか？"
"TC_F5_（自由記述）","",593.612,613.635,20.023,"カメの話ではないのですか？"
"TC_F5_（自由記述）","",613.635,630.898,17.263,"クスっと笑えるエピソードを何か一つ教えてください。"
"TC_F5_（自由記述）","",738.611,746.138,7.527,"どんな番組をよく見ますか？"
"TC_F5_（自由記述）","",746.138,763.385,17.247,"そうなんですね。好きな芸人は誰ですか？"
"TC_F5_（自由記述）","",916.871,924.039,7.168,"どんなスイーツが好きですか？"
"TC_F5_（自由記述）","",924.039,935.894,11.855,"特に好きなスイーツは何ですか？"
"TC_F5_（自由記述）","",935.894,954.661,18.767,"あまり有名じゃなくて、お勧めのお店はありますか？"
"TC_F5_（自由記述）","",970.284,980.763,10.479,"その時はどこのお店に行ったのですか？"
"TC_F5_（自由記述）","",980.763,989.099,8.336,"お店はどこで調べていくのですか？"
"TC_F5_（自由記述）","",1058.614,1066.342,7.728,"どんなものを買った事がありますか？"
"TC_F5_（自由記述）","",1088.404,1094.412,6.008,"どんなドラマを見ていましたか？"
"TC_F5_（自由記述）","",1094.412,1108.659,14.247,"いつぐらいのドラマですか？"
"Int_HRI-i","",155.0,163.024,8.024,"t"
"Int_HRI-i","",163.024,174.199,11.175,"o"
"Int_HRI-i","",174.199,185.35,11.151,"o"
"Int_HRI-i","",185.35,197.174,11.824,"o"
"Int_HRI-i","",197.174,200.894,3.72,"x"
"Int_HRI-i","",200.894,215.581,14.687,"o"
"Int_HRI-i","",215.581,231.916,16.335,"o"
"Int_HRI-i","",231.916,242.435,10.519,"o"
"Int_HRI-i","",242.435,253.786,11.351,"x"
"Int_HRI-i","",253.786,268.609,14.823,"x"
"Int_HRI-i","",268.609,282.28,13.671,"x"
"Int_HRI-i","",282.28,295.967,13.687,"x"
"Int_HRI-i","",295.967,302.263,6.296,"x"
"Int_HRI-i","",302.263,308.127,5.864,"o"
"Int_HRI-i","",308.127,315.054,6.927,"o"
"Int_HRI-i","",315.054,321.342,6.288,"t"
"Int_HRI-i","",321.342,329.629,8.287,"x"
"Int_HRI-i","",329.629,341.388,11.759,"x"
"Int_HRI-i","",341.388,350.252,8.864,"o"
"Int_HRI-i","",350.252,362.059,11.807,"o"
"Int_HRI-i","",362.059,375.762,13.703,"o"
"Int_HRI-i","",375.762,388.057,12.295,"o"
"Int_HRI-i","",388.057,402.488,14.431,"o"
"Int_HRI-i","",402.488,410.632,8.144,"o"
"Int_HRI-i","",410.632,420.383,9.751,"x"
"Int_HRI-i","",420.383,433.894,13.511,"o"
"Int_HRI-i","",433.894,443.886,9.992,"x"
"Int_HRI-i","",443.886,456.573,12.687,"o"
"Int_HRI-i","",456.573,474.668,18.095,"x"
"Int_HRI-i","",474.668,486.227,11.559,"x"
"Int_HRI-i","",486.227,500.282,14.055,"x"
"Int_HRI-i","",500.282,509.746,9.464,"x"
"Int_HRI-i","",509.746,516.721,6.975,"t"
"Int_HRI-i","",516.721,529.736,13.015,"o"
"Int_HRI-i","",529.736,552.199,22.463,"o"
"Int_HRI-i","",552.199,560.75,8.551,"o"
"Int_HRI-i","",560.75,570.038,9.288,"o"
"Int_HRI-i","",570.038,579.421,9.383,"o"
"Int_HRI-i","",579.421,593.612,14.191,"o"
"Int_HRI-i","",593.612,613.635,20.023,"o"
"Int_HRI-i","",613.635,630.898,17.263,"o"
"Int_HRI-i","",630.898,645.545,14.647,"x"
"Int_HRI-i","",645.545,656.792,11.247,"x"
"Int_HRI-i","",656.792,670.479,13.687,"x"
"Int_HRI-i","",670.479,689.39,18.911,"x"
"Int_HRI-i","",689.39,693.462,4.072,"x"
"Int_HRI-i","",693.462,703.869,10.407,"x"
"Int_HRI-i","",703.869,710.965,7.096,"x"
"Int_HRI-i","",710.965,722.036,11.071,"o"
"Int_HRI-i","",722.036,732.947,10.911,"o"
"Int_HRI-i","",732.947,738.611,5.664,"t"
"Int_HRI-i","",738.611,746.138,7.527,"o"
"Int_HRI-i","",746.138,763.385,17.247,"o"
"Int_HRI-i","",763.385,779.472,16.087,"o"
"Int_HRI-i","",779.472,790.216,10.744,"x"
"Int_HRI-i","",790.216,809.11,18.894,"o"
"Int_HRI-i","",809.11,828.085,18.975,"x"
"Int_HRI-i","",828.085,839.148,11.063,"x"
"Int_HRI-i","",839.148,847.124,7.976,"x"
"Int_HRI-i","",847.124,868.163,21.039,"o"
"Int_HRI-i","",868.163,878.162,9.999,"x"
"Int_HRI-i","",878.162,909.664,31.502,"x"
"Int_HRI-i","",909.664,916.871,7.207,"t"
"Int_HRI-i","",916.871,924.039,7.168,"o"
"Int_HRI-i","",924.039,935.894,11.855,"o"
"Int_HRI-i","",935.894,954.661,18.767,"o"
"Int_HRI-i","",954.661,970.284,15.623,"o"
"Int_HRI-i","",970.284,980.763,10.479,"o"
"Int_HRI-i","",980.763,989.099,8.336,"o"
"Int_HRI-i","",989.099,999.322,10.223,"o"
"Int_HRI-i","",999.322,1012.417,13.095,"o"
"Int_HRI-i","",1012.417,1024.713,12.296,"x"
"Int_HRI-i","",1024.713,1040.959,16.246,"o"
"Int_HRI-i","",1040.959,1058.614,17.655,"o"
"Int_HRI-i","",1058.614,1066.342,7.728,"o"
"Int_HRI-i","",1066.342,1076.485,10.143,"o"
"Int_HRI-i","",1076.485,1082.245,5.76,"t"
"Int_HRI-i","",1082.245,1088.404,6.159,"x"
"Int_HRI-i","",1088.404,1094.412,6.008,"x"
"Int_HRI-i","",1094.412,1108.659,14.247,"o"
"Int_HRI-i","",1108.659,1122.434,13.775,"o"
"Int_HRI-i","",1122.434,1147.569,25.135,"o"
"Int_HRI-i","",1147.569,1157.224,9.655,"x"
"Int_HRI-i","",1157.224,1168.783,11.559,"x"
"Int_HRI-i","",1168.783,1185.046,16.263,"x"
"Int_HRI-i","",1185.046,1205.885,20.839,"x"
"Int_HRI-i","",1205.885,1216.58,10.695,"x"
"Int_HRI-i","",1216.58,1224.876,8.296,"x"
"Int_HRI-i","",1224.876,1235.867,10.991,"x"
"Int_HRI-n","",155.0,163.024,8.024,"t"
"Int_HRI-n","",163.024,174.199,11.175,"o"
"Int_HRI-n","",174.199,185.35,11.151,"o"
"Int_HRI-n","",185.35,197.174,11.824,"o"
"Int_HRI-n","",197.174,200.894,3.72,"o"
"Int_HRI-n","",200.894,215.581,14.687,"o"
"Int_HRI-n","",215.581,231.916,16.335,"o"
"Int_HRI-n","",231.916,242.435,10.519,"t"
"Int_HRI-n","",242.435,253.786,11.351,"o"
"Int_HRI-n","",253.786,268.609,14.823,"o"
"Int_HRI-n","",268.609,282.28,13.671,"o"
"Int_HRI-n","",282.28,295.967,13.687,"o"
"Int_HRI-n","",295.967,302.263,6.296,"o"
"Int_HRI-n","",302.263,308.127,5.864,"o"
"Int_HRI-n","",308.127,315.054,6.927,"x"
"Int_HRI-n","",315.054,321.342,6.288,"t"
"Int_HRI-n","",321.342,329.629,8.287,"x"
"Int_HRI-n","",329.629,341.388,11.759,"t"
"Int_HRI-n","",341.388,350.252,8.864,"t"
"Int_HRI-n","",350.252,362.059,11.807,"o"
"Int_HRI-n","",362.059,375.762,13.703,"o"
"Int_HRI-n","",375.762,388.057,12.295,"o"
"Int_HRI-n","",388.057,402.488,14.431,"o"
"Int_HRI-n","",402.488,410.632,8.144,"x"
"Int_HRI-n","",410.632,420.383,9.751,"x"
"Int_HRI-n","",420.383,433.894,13.511,"x"
"Int_HRI-n","",433.894,443.886,9.992,"x"
"Int_HRI-n","",443.886,456.573,12.687,"x"
"Int_HRI-n","",456.573,474.668,18.095,"x"
"Int_HRI-n","",474.668,486.227,11.559,"x"
"Int_HRI-n","",486.227,500.282,14.055,"x"
"Int_HRI-n","",500.282,509.746,9.464,"x"
"Int_HRI-n","",509.746,516.721,6.975,"t"
"Int_HRI-n","",516.721,529.736,13.015,"o"
"Int_HRI-n","",529.736,552.199,22.463,"x"
"Int_HRI-n","",552.199,560.75,8.551,"o"
"Int_HRI-n","",560.75,570.038,9.288,"o"
"Int_HRI-n","",570.038,579.421,9.383,"x"
"Int_HRI-n","",579.421,593.612,14.191,"o"
"Int_HRI-n","",593.612,613.635,20.023,"o"
"Int_HRI-n","",613.635,630.898,17.263,"o"
"Int_HRI-n","",630.898,645.545,14.647,"x"
"Int_HRI-n","",645.545,656.792,11.247,"o"
"Int_HRI-n","",656.792,670.479,13.687,"o"
"Int_HRI-n","",670.479,689.39,18.911,"o"
"Int_HRI-n","",689.39,693.462,4.072,"o"
"Int_HRI-n","",693.462,703.869,10.407,"o"
"Int_HRI-n","",703.869,710.965,7.096,"o"
"Int_HRI-n","",710.965,722.036,11.071,"o"
"Int_HRI-n","",722.036,732.947,10.911,"o"
"Int_HRI-n","",732.947,738.611,5.664,"t"
"Int_HRI-n","",738.611,746.138,7.527,"o"
"Int_HRI-n","",746.138,763.385,17.247,"o"
"Int_HRI-n","",763.385,779.472,16.087,"o"
"Int_HRI-n","",779.472,790.216,10.744,"t"
"Int_HRI-n","",790.216,809.11,18.894,"o"
"Int_HRI-n","",809.11,828.085,18.975,"x"
"Int_HRI-n","",828.085,839.148,11.063,"x"
"Int_HRI-n","",839.148,847.124,7.976,"t"
"Int_HRI-n","",847.124,868.163,21.039,"o"
"Int_HRI-n","",868.163,878.162,9.999,"x"
"Int_HRI-n","",878.162,909.664,31.502,"x"
"Int_HRI-n","",909.664,916.871,7.207,"t"
"Int_HRI-n","",916.871,924.039,7.168,"t"
"Int_HRI-n","",924.039,935.894,11.855,"o"
"Int_HRI-n","",935.894,954.661,18.767,"o"
"Int_HRI-n","",954.661,970.284,15.623,"o"
"Int_HRI-n","",970.284,980.763,10.479,"o"
"Int_HRI-n","",980.763,989.099,8.336,"x"
"Int_HRI-n","",989.099,999.322,10.223,"x"
"Int_HRI-n","",999.322,1012.417,13.095,"o"
"Int_HRI-n","",1012.417,1024.713,12.296,"x"
"Int_HRI-n","",1024.713,1040.959,16.246,"x"
"Int_HRI-n","",1040.959,1058.614,17.655,"x"
"Int_HRI-n","",1058.614,1066.342,7.728,"x"
"Int_HRI-n","",1066.342,1076.485,10.143,"x"
"Int_HRI-n","",1076.485,1082.245,5.76,"t"
"Int_HRI-n","",1082.245,1088.404,6.159,"x"
"Int_HRI-n","",1088.404,1094.412,6.008,"x"
"Int_HRI-n","",1094.412,1108.659,14.247,"x"
"Int_HRI-n","",1108.659,1122.434,13.775,"o"
"Int_HRI-n","",1122.434,1147.569,25.135,"x"
"Int_HRI-n","",1147.569,1157.224,9.655,"x"
"Int_HRI-n","",1157.224,1168.783,11.559,"x"
"Int_HRI-n","",1168.783,1185.046,16.263,"x"
"Int_HRI-n","",1185.046,1205.885,20.839,"x"
"Int_HRI-n","",1205.885,1216.58,10.695,"x"
"Int_HRI-n","",1216.58,1224.876,8.296,"x"
"Int_HRI-n","",1224.876,1235.867,10.991,"x"
"Int_JAI","",155.0,163.024,8.024,"t"
"Int_JAI","",163.024,174.199,11.175,"o"
"Int_JAI","",174.199,185.35,11.151,"o"
"Int_JAI","",185.35,197.174,11.824,"o"
"Int_JAI","",197.174,200.894,3.72,"t"
"Int_JAI","",200.894,215.581,14.687,"o"
"Int_JAI","",215.581,231.916,16.335,"o"
"Int_JAI","",231.916,242.435,10.519,"t"
"Int_JAI","",242.435,253.786,11.351,"t"
"Int_JAI","",253.786,268.609,14.823,"o"
"Int_JAI","",268.609,282.28,13.671,"o"
"Int_JAI","",282.28,295.967,13.687,"o"
"Int_JAI","",295.967,302.263,6.296,"o"
"Int_JAI","",302.263,308.127,5.864,"o"
"Int_JAI","",308.127,315.054,6.927,"t"
"Int_JAI","",315.054,321.342,6.288,"t"
"Int_JAI","",321.342,329.629,8.287,"x"
"Int_JAI","",329.629,341.388,11.759,"x"
"Int_JAI","",341.388,350.252,8.864,"x"
"Int_JAI","",350.252,362.059,11.807,"x"
"Int_JAI","",362.059,375.762,13.703,"o"
"Int_JAI","",375.762,388.057,12.295,"o"
"Int_JAI","",388.057,402.488,14.431,"o"
"Int_JAI","",402.488,410.632,8.144,"t"
"Int_JAI","",410.632,420.383,9.751,"x"
"Int_JAI","",420.383,433.894,13.511,"x"
"Int_JAI","",433.894,443.886,9.992,"x"
"Int_JAI","",443.886,456.573,12.687,"o"
"Int_JAI","",456.573,474.668,18.095,"x"
"Int_JAI","",474.668,486.227,11.559,"x"
"Int_JAI","",486.227,500.282,14.055,"x"
"Int_JAI","",500.282,509.746,9.464,"t"
"Int_JAI","",509.746,516.721,6.975,"t"
"Int_JAI","",516.721,529.736,13.015,"o"
"Int_JAI","",529.736,552.199,22.463,"x"
"Int_JAI","",552.199,560.75,8.551,"x"
"Int_JAI","",560.75,570.038,9.288,"t"
"Int_JAI","",570.038,579.421,9.383,"o"
"Int_JAI","",579.421,593.612,14.191,"o"
"Int_JAI","",593.612,613.635,20.023,"o"
"Int_JAI","",613.635,630.898,17.263,"o"
"Int_JAI","",630.898,645.545,14.647,"t"
"Int_JAI","",645.545,656.792,11.247,"x"
"Int_JAI","",656.792,670.479,13.687,"o"
"Int_JAI","",670.479,689.39,18.911,"o"
"Int_JAI","",689.39,693.462,4.072,"t"
"Int_JAI","",693.462,703.869,10.407,"x"
"Int_JAI","",703.869,710.965,7.096,"x"
"Int_JAI","",710.965,722.036,11.071,"o"
"Int_JAI","",722.036,732.947,10.911,"t"
"Int_JAI","",732.947,738.611,5.664,"t"
"Int_JAI","",738.611,746.138,7.527,"o"
"Int_JAI","",746.138,763.385,17.247,"o"
"Int_JAI","",763.385,779.472,16.087,"o"
"Int_JAI","",779.472,790.216,10.744,"t"
"Int_JAI","",790.216,809.11,18.894,"o"
"Int_JAI","",809.11,828.085,18.975,"x"
"Int_JAI","",828.085,839.148,11.063,"o"
"Int_JAI","",839.148,847.124,7.976,"x"
"Int_JAI","",847.124,868.163,21.039,"x"
"Int_JAI","",868.163,878.162,9.999,"o"
"Int_JAI","",878.162,909.664,31.502,"x"
"Int_JAI","",909.664,916.871,7.207,"t"
"Int_JAI","",916.871,924.039,7.168,"o"
"Int_JAI","",924.039,935.894,11.855,"o"
"Int_JAI","",935.894,954.661,18.767,"o"
"Int_JAI","",954.661,970.284,15.623,"o"
"Int_JAI","",970.284,980.763,10.479,"t"
"Int_JAI","",980.763,989.099,8.336,"o"
"Int_JAI","",989.099,999.322,10.223,"t"
"Int_JAI","",999.322,1012.417,13.095,"o"
"Int_JAI","",1012.417,1024.713,12.296,"t"
"Int_JAI","",1024.713,1040.959,16.246,"o"
"Int_JAI","",1040.959,1058.614,17.655,"o"
"Int_JAI","",1058.614,1066.342,7.728,"o"
"Int_JAI","",1066.342,1076.485,10.143,"t"
"Int_JAI","",1076.485,1082.245,5.76,"t"
"Int_JAI","",1082.245,1088.404,6.159,"x"
"Int_JAI","",1088.404,1094.412,6.008,"x"
"Int_JAI","",1094.412,1108.659,14.247,"o"
"Int_JAI","",1108.659,1122.434,13.775,"o"
"Int_JAI","",1122.434,1147.569,25.135,"o"
"Int_JAI","",1147.569,1157.224,9.655,"t"
"Int_JAI","",1157.224,1168.783,11.559,"t"
"Int_JAI","",1168.783,1185.046,16.263,"o"
"Int_JAI","",1185.046,1205.885,20.839,"x"
"Int_JAI","",1205.885,1216.58,10.695,"x"
"Int_JAI","",1216.58,1224.876,8.296,"x"
"Int_JAI","",1224.876,1235.867,10.991,"t"
